2026-06-24 10:59:37,998 [INFO] Activator:178 - 


2026-06-24 10:59:38,002 [INFO] Activator:179 - !SESSION log4j initialized
2026-06-24 11:00:17,179 [INFO] ApplicationProperties:181 - Using Application install path: E:\Programs\STM\STM32CubeIDE_1.4.0\STM32CubeIDE\plugins\com.st.stm32cube.common.mx_6.0.0.202007160824
2026-06-24 11:00:17,201 [INFO] DbMcusXml:70 - Set database path to: E:\Programs\STM\STM32CubeIDE_1.4.0\STM32CubeIDE\plugins\com.st.stm32cube.common.mx_6.0.0.202007160824\\db\/mcu/
2026-06-24 11:00:17,208 [INFO] DbBoardsPdsc:56 - Set plugin database path to: E:\Programs\STM\STM32CubeIDE_1.4.0\STM32CubeIDE\plugins\com.st.stm32cube.common.mx_6.0.0.202007160824\\db\/plugins/boardmanager/
2026-06-24 11:00:17,210 [INFO] DbMcus:258 - Set plugin images path to: E:\Programs\STM\STM32CubeIDE_1.4.0\STM32CubeIDE\plugins\com.st.stm32cube.common.mx_6.0.0.202007160824\\db\/plugins/mcufinder/images/
2026-06-24 11:00:17,254 [INFO] DbBoards:264 - Set plugin images path to: E:\Programs\STM\STM32CubeIDE_1.4.0\STM32CubeIDE\plugins\com.st.stm32cube.common.mx_6.0.0.202007160824\\db\/plugins/mcufinder/images/
2026-06-24 11:00:17,259 [INFO] DbExamples:326 - Set plugin images path to: E:\Programs\STM\STM32CubeIDE_1.4.0\STM32CubeIDE\plugins\com.st.stm32cube.common.mx_6.0.0.202007160824\\db\/plugins/mcufinder/images/
2026-06-24 11:00:17,329 [INFO] DbMcusDocs:112 - Set database path to: C:\Users\Michal\.stmcufinder\plugins\mcufinder//mcu/
2026-06-24 11:00:17,333 [INFO] DbMcusJson:63 - Set database path to: C:\Users\Michal\.stmcufinder\plugins\mcufinder//mcu/
2026-06-24 11:00:17,336 [INFO] DbBoardsDocs:112 - Set database path to: C:\Users\Michal\.stmcufinder\plugins\mcufinder//mcu/
2026-06-24 11:00:17,342 [INFO] DbBoardsJson:56 - Set database path to: C:\Users\Michal\.stmcufinder\plugins\mcufinder//mcu/
2026-06-24 11:00:17,359 [INFO] CrossReferenceDbSqlite:196 - Set database path to: C:\Users\Michal\.stmcufinder\plugins\mcufinder//mcu/cs/
2026-06-24 11:00:17,366 [INFO] DbExamplesSqlite:800 - Set database path to: C:\Users\Michal\.stmcufinder\plugins\mcufinder//mcu/
2026-06-24 11:00:17,581 [INFO] RulesReader:52 - Compatibility file has been processed (209 Rules)
2026-06-24 11:00:17,750 [INFO] MicroXplorer:564 - Detected Java Version = 1.8.0_252
2026-06-24 11:00:17,751 [INFO] DbMcusXml:70 - Set database path to: E:\Programs\STM\STM32CubeIDE_1.4.0\STM32CubeIDE\plugins\com.st.stm32cube.common.mx_6.0.0.202007160824\\db\/mcu/
2026-06-24 11:00:17,751 [INFO] DbBoardsPdsc:56 - Set plugin database path to: E:\Programs\STM\STM32CubeIDE_1.4.0\STM32CubeIDE\plugins\com.st.stm32cube.common.mx_6.0.0.202007160824\\db\/plugins/boardmanager/
2026-06-24 11:00:17,752 [INFO] DbMcus:258 - Set plugin images path to: E:\Programs\STM\STM32CubeIDE_1.4.0\STM32CubeIDE\plugins\com.st.stm32cube.common.mx_6.0.0.202007160824\\db\/plugins/mcufinder/images/
2026-06-24 11:00:17,753 [INFO] DbBoards:264 - Set plugin images path to: E:\Programs\STM\STM32CubeIDE_1.4.0\STM32CubeIDE\plugins\com.st.stm32cube.common.mx_6.0.0.202007160824\\db\/plugins/mcufinder/images/
2026-06-24 11:00:17,753 [INFO] DbExamples:326 - Set plugin images path to: E:\Programs\STM\STM32CubeIDE_1.4.0\STM32CubeIDE\plugins\com.st.stm32cube.common.mx_6.0.0.202007160824\\db\/plugins/mcufinder/images/
2026-06-24 11:00:17,754 [WARN] DbFile:36 - Overriding database path with different value: C:\Users\Michal\.stmcufinder\plugins\mcufinder/ => C:\Users\Michal\.stmcufinder\plugins\mcufinder
2026-06-24 11:00:17,754 [INFO] DbMcusDocs:112 - Set database path to: C:\Users\Michal\.stmcufinder\plugins\mcufinder//mcu/
2026-06-24 11:00:17,754 [WARN] DbFile:36 - Overriding database path with different value: C:\Users\Michal\.stmcufinder\plugins\mcufinder/ => C:\Users\Michal\.stmcufinder\plugins\mcufinder
2026-06-24 11:00:17,754 [INFO] DbMcusJson:63 - Set database path to: C:\Users\Michal\.stmcufinder\plugins\mcufinder//mcu/
2026-06-24 11:00:17,755 [WARN] DbFile:36 - Overriding database path with different value: C:\Users\Michal\.stmcufinder\plugins\mcufinder/ => C:\Users\Michal\.stmcufinder\plugins\mcufinder
2026-06-24 11:00:17,755 [INFO] DbBoardsDocs:112 - Set database path to: C:\Users\Michal\.stmcufinder\plugins\mcufinder//mcu/
2026-06-24 11:00:17,755 [WARN] DbFile:36 - Overriding database path with different value: C:\Users\Michal\.stmcufinder\plugins\mcufinder/ => C:\Users\Michal\.stmcufinder\plugins\mcufinder
2026-06-24 11:00:17,755 [INFO] DbBoardsJson:56 - Set database path to: C:\Users\Michal\.stmcufinder\plugins\mcufinder//mcu/
2026-06-24 11:00:17,756 [WARN] DbFile:36 - Overriding database path with different value: C:\Users\Michal\.stmcufinder\plugins\mcufinder/ => C:\Users\Michal\.stmcufinder\plugins\mcufinder
2026-06-24 11:00:17,756 [WARN] DbFile:36 - Overriding database path with different value: C:\Users\Michal\.stmcufinder\plugins\mcufinder/ => C:\Users\Michal\.stmcufinder\plugins\mcufinder
2026-06-24 11:00:17,756 [INFO] CrossReferenceDbSqlite:196 - Set database path to: C:\Users\Michal\.stmcufinder\plugins\mcufinder//mcu/cs/
2026-06-24 11:00:17,757 [WARN] DbFile:36 - Overriding database path with different value: C:\Users\Michal\.stmcufinder\plugins\mcufinder/ => C:\Users\Michal\.stmcufinder\plugins\mcufinder
2026-06-24 11:00:17,757 [INFO] DbExamplesSqlite:800 - Set database path to: C:\Users\Michal\.stmcufinder\plugins\mcufinder//mcu/
2026-06-24 11:00:17,886 [INFO] MainPanel:189 - HeapMemory: 318767104
2026-06-24 11:00:18,011 [INFO] DbMcusXml:70 - Set database path to: E:\Programs\STM\STM32CubeIDE_1.4.0\STM32CubeIDE\plugins\com.st.stm32cube.common.mx_6.0.0.202007160824\\db\/mcu/
2026-06-24 11:00:18,011 [INFO] DbBoardsPdsc:56 - Set plugin database path to: E:\Programs\STM\STM32CubeIDE_1.4.0\STM32CubeIDE\plugins\com.st.stm32cube.common.mx_6.0.0.202007160824\\db\/plugins/boardmanager/
2026-06-24 11:00:18,012 [INFO] DbMcus:258 - Set plugin images path to: E:\Programs\STM\STM32CubeIDE_1.4.0\STM32CubeIDE\plugins\com.st.stm32cube.common.mx_6.0.0.202007160824\\db\/plugins/mcufinder/images/
2026-06-24 11:00:18,012 [INFO] DbBoards:264 - Set plugin images path to: E:\Programs\STM\STM32CubeIDE_1.4.0\STM32CubeIDE\plugins\com.st.stm32cube.common.mx_6.0.0.202007160824\\db\/plugins/mcufinder/images/
2026-06-24 11:00:18,013 [INFO] DbExamples:326 - Set plugin images path to: E:\Programs\STM\STM32CubeIDE_1.4.0\STM32CubeIDE\plugins\com.st.stm32cube.common.mx_6.0.0.202007160824\\db\/plugins/mcufinder/images/
2026-06-24 11:00:18,014 [WARN] DbFile:36 - Overriding database path with different value: C:\Users\Michal\.stmcufinder\plugins\mcufinder/ => C:\Users\Michal\.stmcufinder\plugins\mcufinder
2026-06-24 11:00:18,014 [INFO] DbMcusDocs:112 - Set database path to: C:\Users\Michal\.stmcufinder\plugins\mcufinder//mcu/
2026-06-24 11:00:18,014 [WARN] DbFile:36 - Overriding database path with different value: C:\Users\Michal\.stmcufinder\plugins\mcufinder/ => C:\Users\Michal\.stmcufinder\plugins\mcufinder
2026-06-24 11:00:18,015 [INFO] DbMcusJson:63 - Set database path to: C:\Users\Michal\.stmcufinder\plugins\mcufinder//mcu/
2026-06-24 11:00:18,015 [WARN] DbFile:36 - Overriding database path with different value: C:\Users\Michal\.stmcufinder\plugins\mcufinder/ => C:\Users\Michal\.stmcufinder\plugins\mcufinder
2026-06-24 11:00:18,015 [INFO] DbBoardsDocs:112 - Set database path to: C:\Users\Michal\.stmcufinder\plugins\mcufinder//mcu/
2026-06-24 11:00:18,015 [WARN] DbFile:36 - Overriding database path with different value: C:\Users\Michal\.stmcufinder\plugins\mcufinder/ => C:\Users\Michal\.stmcufinder\plugins\mcufinder
2026-06-24 11:00:18,016 [INFO] DbBoardsJson:56 - Set database path to: C:\Users\Michal\.stmcufinder\plugins\mcufinder//mcu/
2026-06-24 11:00:18,016 [WARN] DbFile:36 - Overriding database path with different value: C:\Users\Michal\.stmcufinder\plugins\mcufinder/ => C:\Users\Michal\.stmcufinder\plugins\mcufinder
2026-06-24 11:00:18,016 [WARN] DbFile:36 - Overriding database path with different value: C:\Users\Michal\.stmcufinder\plugins\mcufinder/ => C:\Users\Michal\.stmcufinder\plugins\mcufinder
2026-06-24 11:00:18,017 [INFO] CrossReferenceDbSqlite:196 - Set database path to: C:\Users\Michal\.stmcufinder\plugins\mcufinder//mcu/cs/
2026-06-24 11:00:18,017 [WARN] DbFile:36 - Overriding database path with different value: C:\Users\Michal\.stmcufinder\plugins\mcufinder/ => C:\Users\Michal\.stmcufinder\plugins\mcufinder
2026-06-24 11:00:18,017 [INFO] DbExamplesSqlite:800 - Set database path to: C:\Users\Michal\.stmcufinder\plugins\mcufinder//mcu/
2026-06-24 11:00:18,059 [INFO] ApplicationProperties:181 - Using Application install path: E:\Programs\STM\STM32CubeIDE_1.4.0\STM32CubeIDE\plugins\com.st.stm32cube.common.mx_6.0.0.202007160824
2026-06-24 11:00:18,062 [INFO] PluginManage:178 - Search for loadable plugins [exclusion list=, ]
2026-06-24 11:00:18,064 [INFO] PluginManage:292 - Check plugin analytics
2026-06-24 11:00:18,365 [INFO] AnalyticsPlugin:203 - Accepted Software Licenses: STM32CubeMX.6.17.0
2026-06-24 11:00:18,366 [INFO] AnalyticsPlugin:205 - Accepted CMSIS Pack Licenses: emotas.I-CUBE-CANOPEN.1.3.0
2026-06-24 11:00:18,366 [INFO] AnalyticsPlugin:207 - Accepted Firmware Licenses: FW.F1.1.8.7
2026-06-24 11:00:18,368 [INFO] PluginManage:342 - Loaded plugin analytics (category:tool,tabindex:-1)
2026-06-24 11:00:18,368 [INFO] PluginManage:292 - Check plugin clock
2026-06-24 11:00:18,390 [INFO] PluginManage:342 - Loaded plugin clock (category:base,tabindex:2)
2026-06-24 11:00:18,391 [INFO] PluginManage:292 - Check plugin ddr
2026-06-24 11:00:18,395 [INFO] PluginManage:342 - Loaded plugin ddr (category:tool,tabindex:6)
2026-06-24 11:00:18,395 [INFO] PluginManage:292 - Check plugin filemanager
2026-06-24 11:00:18,637 [INFO] PluginManage:342 - Loaded plugin filemanager (category:base,tabindex:10)
2026-06-24 11:00:18,638 [INFO] PluginManage:292 - Check plugin ipmanager
2026-06-24 11:00:18,652 [INFO] PluginManage:342 - Loaded plugin ipmanager (category:base,tabindex:5)
2026-06-24 11:00:18,652 [INFO] PluginManage:292 - Check plugin pinoutandconfiguration
2026-06-24 11:00:18,680 [INFO] PluginManage:342 - Loaded plugin pinoutandconfiguration (category:base,tabindex:1)
2026-06-24 11:00:18,681 [INFO] PluginManage:292 - Check plugin pinoutconfig
2026-06-24 11:00:18,738 [INFO] PluginManage:342 - Loaded plugin pinoutconfig (category:base,tabindex:0)
2026-06-24 11:00:18,740 [INFO] PluginManage:292 - Check plugin power
2026-06-24 11:00:18,761 [INFO] PluginManage:342 - Loaded plugin power (category:power,tabindex:4)
2026-06-24 11:00:18,762 [INFO] PluginManage:292 - Check plugin projectmanager
2026-06-24 11:00:18,799 [INFO] PluginManage:342 - Loaded plugin projectmanager (category:projectmanager,tabindex:3)
2026-06-24 11:00:18,800 [INFO] PluginManage:292 - Check plugin thirdparty
2026-06-24 11:00:18,871 [INFO] ThirdPartyDb:333 - Open Third Party DataBase File (C:/Users/Michal/.stm32cubemx/plugins/thirdparty/db/thirdparties_db.xml) : 0 ms. number of Sw pack : 0
2026-06-24 11:00:18,881 [INFO] PluginManage:342 - Loaded plugin thirdparty (category:base,tabindex:-1)
2026-06-24 11:00:18,881 [INFO] PluginManage:292 - Check plugin tools
2026-06-24 11:00:18,887 [INFO] PluginManage:342 - Loaded plugin tools (category:base,tabindex:7)
2026-06-24 11:00:18,887 [INFO] PluginManage:292 - Check plugin tutovideos
2026-06-24 11:00:19,355 [INFO] PluginManage:342 - Loaded plugin tutovideos (category:base,tabindex:-1)
2026-06-24 11:00:19,355 [INFO] PluginManage:292 - Check plugin updater
2026-06-24 11:00:19,401 [INFO] PluginManage:342 - Loaded plugin updater (category:base,tabindex:12)
2026-06-24 11:00:19,402 [INFO] PluginManage:265 - PluginManage : Loaded plugins [13]
2026-06-24 11:00:19,830 [INFO] PinOutPanel:1418 - setPackage(No Configuration,No Configuration)
2026-06-24 11:00:20,049 [INFO] IPUIPlugin:64 - create IPUIPlugin
2026-06-24 11:00:20,051 [INFO] PluginManager:200 - loadIPPluginJar : add adc
2026-06-24 11:00:20,058 [INFO] IPUIPlugin:64 - create IPUIPlugin
2026-06-24 11:00:20,059 [INFO] PluginManager:200 - loadIPPluginJar : add aes
2026-06-24 11:00:20,066 [INFO] IPUIPlugin:64 - create IPUIPlugin
2026-06-24 11:00:20,067 [INFO] PluginManager:200 - loadIPPluginJar : add can
2026-06-24 11:00:20,070 [INFO] IPUIPlugin:64 - create IPUIPlugin
2026-06-24 11:00:20,070 [INFO] PluginManager:200 - loadIPPluginJar : add comp
2026-06-24 11:00:20,075 [INFO] IPUIPlugin:64 - create IPUIPlugin
2026-06-24 11:00:20,075 [INFO] PluginManager:200 - loadIPPluginJar : add cryp
2026-06-24 11:00:20,079 [INFO] IPUIPlugin:64 - create IPUIPlugin
2026-06-24 11:00:20,080 [INFO] PluginManager:200 - loadIPPluginJar : add dfsdm
2026-06-24 11:00:20,090 [INFO] IPUIPlugin:64 - create IPUIPlugin
2026-06-24 11:00:20,091 [INFO] PluginManager:200 - loadIPPluginJar : add dma
2026-06-24 11:00:20,095 [INFO] IPUIPlugin:64 - create IPUIPlugin
2026-06-24 11:00:20,095 [INFO] PluginManager:200 - loadIPPluginJar : add fatfs
2026-06-24 11:00:20,103 [INFO] IPUIPlugin:64 - create IPUIPlugin
2026-06-24 11:00:20,104 [INFO] PluginManager:200 - loadIPPluginJar : add fmc
2026-06-24 11:00:20,116 [INFO] IPUIPlugin:64 - create IPUIPlugin
2026-06-24 11:00:20,117 [INFO] PluginManager:200 - loadIPPluginJar : add freertos
2026-06-24 11:00:20,121 [INFO] IPUIPlugin:64 - create IPUIPlugin
2026-06-24 11:00:20,122 [INFO] PluginManager:200 - loadIPPluginJar : add genericplugin
2026-06-24 11:00:20,126 [INFO] IPUIPlugin:64 - create IPUIPlugin
2026-06-24 11:00:20,126 [INFO] PluginManager:200 - loadIPPluginJar : add gfxmmu
2026-06-24 11:00:20,165 [INFO] IPUIPlugin:64 - create IPUIPlugin
2026-06-24 11:00:20,166 [INFO] PluginManager:200 - loadIPPluginJar : add gic
2026-06-24 11:00:20,173 [INFO] IPUIPlugin:64 - create IPUIPlugin
2026-06-24 11:00:20,173 [INFO] PluginManager:200 - loadIPPluginJar : add gpio
2026-06-24 11:00:20,178 [INFO] IPUIPlugin:64 - create IPUIPlugin
2026-06-24 11:00:20,179 [INFO] PluginManager:200 - loadIPPluginJar : add gtzc
2026-06-24 11:00:20,183 [INFO] IPUIPlugin:64 - create IPUIPlugin
2026-06-24 11:00:20,183 [INFO] PluginManager:200 - loadIPPluginJar : add hash
2026-06-24 11:00:20,188 [INFO] IPUIPlugin:64 - create IPUIPlugin
2026-06-24 11:00:20,189 [INFO] PluginManager:200 - loadIPPluginJar : add i2c
2026-06-24 11:00:20,220 [INFO] IPUIPlugin:64 - create IPUIPlugin
2026-06-24 11:00:20,221 [INFO] PluginManager:200 - loadIPPluginJar : add i2s
2026-06-24 11:00:20,227 [INFO] IPUIPlugin:64 - create IPUIPlugin
2026-06-24 11:00:20,228 [INFO] PluginManager:200 - loadIPPluginJar : add ipddr
2026-06-24 11:00:20,231 [INFO] IPUIPlugin:64 - create IPUIPlugin
2026-06-24 11:00:20,231 [INFO] PluginManager:200 - loadIPPluginJar : add ltdc
2026-06-24 11:00:20,240 [INFO] IPUIPlugin:64 - create IPUIPlugin
2026-06-24 11:00:20,241 [INFO] PluginManager:200 - loadIPPluginJar : add mdma
2026-06-24 11:00:20,248 [INFO] IPUIPlugin:64 - create IPUIPlugin
2026-06-24 11:00:20,249 [INFO] PluginManager:200 - loadIPPluginJar : add nvic
2026-06-24 11:00:20,255 [INFO] IPUIPlugin:64 - create IPUIPlugin
2026-06-24 11:00:20,256 [INFO] PluginManager:200 - loadIPPluginJar : add opamp
2026-06-24 11:00:20,261 [INFO] IPUIPlugin:64 - create IPUIPlugin
2026-06-24 11:00:20,262 [INFO] PluginManager:200 - loadIPPluginJar : add openamp
2026-06-24 11:00:20,268 [INFO] IPUIPlugin:64 - create IPUIPlugin
2026-06-24 11:00:20,269 [INFO] PluginManager:200 - loadIPPluginJar : add pdm2pcm
2026-06-24 11:00:20,282 [INFO] IPUIPlugin:64 - create IPUIPlugin
2026-06-24 11:00:20,316 [INFO] PluginManager:200 - loadIPPluginJar : add plateformsettings
2026-06-24 11:00:20,320 [INFO] IPUIPlugin:64 - create IPUIPlugin
2026-06-24 11:00:20,320 [INFO] PluginManager:200 - loadIPPluginJar : add quadspi
2026-06-24 11:00:20,327 [INFO] IPUIPlugin:64 - create IPUIPlugin
2026-06-24 11:00:20,327 [INFO] PluginManager:200 - loadIPPluginJar : add resmgrutility
2026-06-24 11:00:20,333 [INFO] IPUIPlugin:64 - create IPUIPlugin
2026-06-24 11:00:20,334 [INFO] PluginManager:200 - loadIPPluginJar : add sai
2026-06-24 11:00:20,344 [INFO] IPUIPlugin:64 - create IPUIPlugin
2026-06-24 11:00:20,344 [INFO] PluginManager:200 - loadIPPluginJar : add spi
2026-06-24 11:00:20,352 [INFO] IPUIPlugin:64 - create IPUIPlugin
2026-06-24 11:00:20,352 [INFO] PluginManager:200 - loadIPPluginJar : add stm32_wpan
2026-06-24 11:00:20,357 [INFO] IPUIPlugin:64 - create IPUIPlugin
2026-06-24 11:00:20,358 [INFO] PluginManager:200 - loadIPPluginJar : add tim
2026-06-24 11:00:20,364 [INFO] IPUIPlugin:64 - create IPUIPlugin
2026-06-24 11:00:20,365 [INFO] PluginManager:200 - loadIPPluginJar : add touchsensing
2026-06-24 11:00:20,369 [INFO] IPUIPlugin:64 - create IPUIPlugin
2026-06-24 11:00:20,370 [INFO] PluginManager:200 - loadIPPluginJar : add tracer_emb
2026-06-24 11:00:20,375 [INFO] IPUIPlugin:64 - create IPUIPlugin
2026-06-24 11:00:20,376 [INFO] PluginManager:200 - loadIPPluginJar : add ts
2026-06-24 11:00:20,380 [INFO] IPUIPlugin:64 - create IPUIPlugin
2026-06-24 11:00:20,380 [INFO] PluginManager:200 - loadIPPluginJar : add tsc
2026-06-24 11:00:20,384 [INFO] IPUIPlugin:64 - create IPUIPlugin
2026-06-24 11:00:20,385 [INFO] PluginManager:200 - loadIPPluginJar : add ucpd
2026-06-24 11:00:20,392 [INFO] IPUIPlugin:64 - create IPUIPlugin
2026-06-24 11:00:20,392 [INFO] PluginManager:200 - loadIPPluginJar : add usart
2026-06-24 11:00:23,154 [INFO] CubeProgrammer:457 - [DDR PANEL] - PathOfProgrammer: null
2026-06-24 11:00:25,462 [FATAL] Updater:282 - Updater called before beeing initialized
2026-06-24 11:00:26,202 [FATAL] Updater:282 - Updater called before beeing initialized
2026-06-24 11:00:26,203 [WARN] ThirdParty:775 - waiting for thirdparty lock release [close project]
2026-06-24 11:00:26,205 [INFO] ThirdParty:777 - entering critical section [close project]
2026-06-24 11:00:26,210 [INFO] ThirdParty:790 - exiting critical section [close project]
2026-06-24 11:00:26,218 [INFO] PinOutPanel:1418 - setPackage(No Configuration,No Configuration)
2026-06-24 11:00:26,219 [FATAL] Updater:282 - Updater called before beeing initialized
2026-06-24 11:00:26,230 [ERROR] Updater:967 - MainUpdater not yet initialized. External WinMGr cannot be set.
2026-06-24 11:00:26,233 [INFO] CubeProgrammer:457 - [DDR PANEL] - PathOfProgrammer: E:\Programs\STM\STM32CubeIDE_1.4.0\STM32CubeIDE\plugins\com.st.stm32cube.ide.mcu.externaltools.cubeprogrammer.win32_1.4.0.202007081208\tools\bin
2026-06-24 11:00:26,240 [INFO] ProgrammerExecThread:148 - [ProgrammerAPI] CubeProgrammer command construction: E:\Programs\STM\STM32CubeIDE_1.4.0\STM32CubeIDE\plugins\com.st.stm32cube.ide.mcu.externaltools.cubeprogrammer.win32_1.4.0.202007081208\tools\bin\STM32_Programmer_CLI.exe -l
2026-06-24 11:00:26,699 [INFO] MainDdrPanel:49 - [DDR PANEL] SETTER - Set cubeProgrammerPath to: E:\Programs\STM\STM32CubeIDE_1.4.0\STM32CubeIDE\plugins\com.st.stm32cube.ide.mcu.externaltools.cubeprogrammer.win32_1.4.0.202007081208\tools\bin
2026-06-24 11:00:26,750 [INFO] Updater:904 - Updater Version found : 6.0.0
2026-06-24 11:00:26,834 [INFO] ApplicationProperties:181 - Using Application install path: E:\Programs\STM\STM32CubeIDE_1.4.0\STM32CubeIDE\plugins\com.st.stm32cube.common.mx_6.0.0.202007160824
2026-06-24 11:00:27,102 [INFO] MainUpdater:463 - Copy updater definitions from MX database
2026-06-24 11:00:28,250 [INFO] MainUpdater:2268 - connection check result : 10
2026-06-24 11:00:28,251 [INFO] MainUpdater:2935 - Updater definition file requires update
2026-06-24 11:00:28,254 [INFO] MainUpdater:239 - Updater Check For Update Now.
2026-06-24 11:00:28,255 [INFO] MicroXplorer:414 - Change Database Version : DB.6.0.0
2026-06-24 11:00:28,848 [INFO] ServerAccessManage:348 - Download File updaters.zip
2026-06-24 11:00:29,191 [INFO] FileExtend:225 - Unzip File : updaters.zip
2026-06-24 11:00:29,191 [INFO] FileExtend:240 - Standard Zip Deflate
2026-06-24 11:00:31,497 [WARN] IntegrityCheckThread:61 - waiting for thirdparty lock release [integrity check]
2026-06-24 11:00:31,499 [INFO] IntegrityCheckThread:63 - entering critical section [integrity check]
2026-06-24 11:00:31,724 [WARN] MainUpdater:1087 - Updater busy. Cannot search thirdparties
2026-06-24 11:00:34,749 [WARN] MainUpdater:1087 - Updater busy. Cannot search thirdparties
2026-06-24 11:00:38,455 [WARN] MainUpdater:1087 - Updater busy. Cannot search thirdparties
2026-06-24 11:00:40,473 [INFO] ServerAccessManage:348 - Download File PacksControlFlags.xml
2026-06-24 11:00:40,957 [INFO] ServerAccessManage:348 - Download File cubemx.pidx
2026-06-24 11:00:41,524 [WARN] MainUpdater:1087 - Updater busy. Cannot search thirdparties
2026-06-24 11:00:44,860 [WARN] MainUpdater:1087 - Updater busy. Cannot search thirdparties
2026-06-24 11:00:46,893 [INFO] LoadServerUpdatesThread:309 - End of LoadServerUpdate Thread
2026-06-24 11:00:49,042 [WARN] MainUpdater:1087 - Updater busy. Cannot search thirdparties
2026-06-24 11:00:50,399 [INFO] CheckServerUpdateThread:102 - End of CheckServer Thread
2026-06-24 11:00:53,313 [INFO] MainUpdater:2268 - connection check result : 10
2026-06-24 11:01:02,502 [INFO] ThirdPartyDb:299 - Save Third Party DataBase File (C:/Users/Michal/.stm32cubemx/plugins/thirdparty/db/thirdparties_db.xml) [forced]
2026-06-24 11:01:02,669 [INFO] ThirdPartyDb:299 - Save Third Party DataBase File (C:/Users/Michal/.stm32cubemx/plugins/thirdparty/db/thirdparties_db.xml) [forced]
2026-06-24 11:01:02,671 [INFO] ThirdPartyPackRequestProcessor:667 - CMSIS Pack Vendor :emotas I-CUBE-CANOPEN 1.1.3
2026-06-24 11:01:02,690 [INFO] ThirdPartyDb:299 - Save Third Party DataBase File (C:/Users/Michal/.stm32cubemx/plugins/thirdparty/db/thirdparties_db.xml) [forced]
2026-06-24 11:01:02,695 [ERROR] ConditionMgr:1027 - genDependencies : Invalid condition id : CMSIS Core with RTOS2 cause : null
2026-06-24 11:01:02,696 [ERROR] ConditionMgr:1027 - genDependencies : Invalid condition id : Network Driver ETH cause : null
2026-06-24 11:01:02,696 [ERROR] ConditionMgr:1027 - genDependencies : Invalid condition id : Network Driver PPP cause : null
2026-06-24 11:01:02,696 [ERROR] ConditionMgr:1027 - genDependencies : Invalid condition id : Network Driver SLIP cause : null
2026-06-24 11:01:02,697 [ERROR] ConditionMgr:1027 - genDependencies : Invalid condition id : Network Core cause : null
2026-06-24 11:01:02,697 [ERROR] ConditionMgr:1027 - genDependencies : Invalid condition id : Network Driver SLIP cause : null
2026-06-24 11:01:02,697 [ERROR] ConditionMgr:1027 - genDependencies : Invalid condition id : Network Driver PPP cause : null
2026-06-24 11:01:02,697 [ERROR] ConditionMgr:1027 - genDependencies : Invalid condition id : CMSIS Core with RTOS2 cause : null
2026-06-24 11:01:02,697 [ERROR] ConditionMgr:1027 - genDependencies : Invalid condition id : Network Core cause : null
2026-06-24 11:01:02,697 [ERROR] ConditionMgr:1027 - genDependencies : Invalid condition id : Network Driver ETH cause : null
2026-06-24 11:01:02,697 [ERROR] ConditionMgr:1027 - genDependencies : Invalid condition id : CMSIS Core with RTOS2 cause : null
2026-06-24 11:01:02,698 [ERROR] ConditionMgr:1027 - genDependencies : Invalid condition id : Network Driver ETH cause : null
2026-06-24 11:01:02,724 [ERROR] ConditionMgr:1027 - genDependencies : Invalid condition id : Network Driver PPP cause : null
2026-06-24 11:01:02,725 [ERROR] ConditionMgr:1027 - genDependencies : Invalid condition id : Network Driver SLIP cause : null
2026-06-24 11:01:02,725 [ERROR] ConditionMgr:1027 - genDependencies : Invalid condition id : Network Core cause : null
2026-06-24 11:01:02,725 [INFO] ThirdPartyDb:299 - Save Third Party DataBase File (C:/Users/Michal/.stm32cubemx/plugins/thirdparty/db/thirdparties_db.xml) [forced]
2026-06-24 11:01:02,730 [ERROR] ConditionMgr:1027 - genDependencies : Invalid condition id : CMSIS Core with RTOS2 cause : null
2026-06-24 11:01:02,730 [ERROR] ConditionMgr:1027 - genDependencies : Invalid condition id : Network Driver ETH cause : null
2026-06-24 11:01:02,731 [ERROR] ConditionMgr:1027 - genDependencies : Invalid condition id : Network Driver PPP cause : null
2026-06-24 11:01:02,731 [ERROR] ConditionMgr:1027 - genDependencies : Invalid condition id : Network Driver SLIP cause : null
2026-06-24 11:01:02,731 [ERROR] ConditionMgr:1027 - genDependencies : Invalid condition id : Network Core cause : null
2026-06-24 11:01:02,731 [ERROR] ConditionMgr:1027 - genDependencies : Invalid condition id : Network Driver SLIP cause : null
2026-06-24 11:01:02,731 [ERROR] ConditionMgr:1027 - genDependencies : Invalid condition id : Network Driver PPP cause : null
2026-06-24 11:01:02,735 [ERROR] ConditionMgr:1027 - genDependencies : Invalid condition id : CMSIS Core with RTOS2 cause : null
2026-06-24 11:01:02,737 [ERROR] ConditionMgr:1027 - genDependencies : Invalid condition id : Network Core cause : null
2026-06-24 11:01:02,737 [ERROR] ConditionMgr:1027 - genDependencies : Invalid condition id : Network Driver ETH cause : null
2026-06-24 11:01:02,738 [ERROR] ConditionMgr:1027 - genDependencies : Invalid condition id : CMSIS Core with RTOS2 cause : null
2026-06-24 11:01:02,739 [ERROR] ConditionMgr:1027 - genDependencies : Invalid condition id : Network Driver ETH cause : null
2026-06-24 11:01:02,739 [ERROR] ConditionMgr:1027 - genDependencies : Invalid condition id : Network Driver PPP cause : null
2026-06-24 11:01:02,739 [ERROR] ConditionMgr:1027 - genDependencies : Invalid condition id : Network Driver SLIP cause : null
2026-06-24 11:01:02,739 [ERROR] ConditionMgr:1027 - genDependencies : Invalid condition id : Network Core cause : null
2026-06-24 11:01:02,739 [INFO] ThirdPartyDb:299 - Save Third Party DataBase File (C:/Users/Michal/.stm32cubemx/plugins/thirdparty/db/thirdparties_db.xml) [forced]
2026-06-24 11:01:02,746 [INFO] ThirdPartyDb:299 - Save Third Party DataBase File (C:/Users/Michal/.stm32cubemx/plugins/thirdparty/db/thirdparties_db.xml) [forced]
2026-06-24 11:01:02,747 [INFO] McuFinderGlobals:40 - Set McuFinder mode to 2 (CubeIDE integrated)
2026-06-24 11:01:02,750 [INFO] ThirdPartyDb:299 - Save Third Party DataBase File (C:/Users/Michal/.stm32cubemx/plugins/thirdparty/db/thirdparties_db.xml) [forced]
2026-06-24 11:01:02,755 [INFO] ThirdPartyDb:299 - Save Third Party DataBase File (C:/Users/Michal/.stm32cubemx/plugins/thirdparty/db/thirdparties_db.xml) [forced]
2026-06-24 11:01:02,760 [INFO] ThirdPartyDb:299 - Save Third Party DataBase File (C:/Users/Michal/.stm32cubemx/plugins/thirdparty/db/thirdparties_db.xml) [forced]
2026-06-24 11:01:02,775 [INFO] ThirdPartyDb:299 - Save Third Party DataBase File (C:/Users/Michal/.stm32cubemx/plugins/thirdparty/db/thirdparties_db.xml) [forced]
2026-06-24 11:01:02,799 [INFO] ThirdPartyDb:299 - Save Third Party DataBase File (C:/Users/Michal/.stm32cubemx/plugins/thirdparty/db/thirdparties_db.xml) [forced]
2026-06-24 11:01:02,805 [INFO] ThirdPartyDb:299 - Save Third Party DataBase File (C:/Users/Michal/.stm32cubemx/plugins/thirdparty/db/thirdparties_db.xml) [forced]
2026-06-24 11:01:02,812 [INFO] ThirdPartyDb:299 - Save Third Party DataBase File (C:/Users/Michal/.stm32cubemx/plugins/thirdparty/db/thirdparties_db.xml) [forced]
2026-06-24 11:01:02,823 [INFO] ThirdPartyDb:299 - Save Third Party DataBase File (C:/Users/Michal/.stm32cubemx/plugins/thirdparty/db/thirdparties_db.xml) [forced]
2026-06-24 11:01:02,834 [INFO] ThirdPartyDb:299 - Save Third Party DataBase File (C:/Users/Michal/.stm32cubemx/plugins/thirdparty/db/thirdparties_db.xml) [forced]
2026-06-24 11:01:02,838 [INFO] Engine:289 - softwarePackList size : 14
2026-06-24 11:01:02,840 [INFO] Engine:301 - compute dependency for SwPack I-CUBE-CANOPEN have been done, and update is requested
2026-06-24 11:01:02,844 [INFO] Engine:305 - compute dependency for SwPack FreeRTOS have been done, no update is requested
2026-06-24 11:01:02,844 [INFO] Engine:305 - compute dependency for SwPack lwIP have been done, no update is requested
2026-06-24 11:01:02,844 [INFO] Engine:305 - compute dependency for SwPack lwIP have been done, no update is requested
2026-06-24 11:01:02,844 [INFO] Engine:305 - compute dependency for SwPack MBEDTLS have been done, no update is requested
2026-06-24 11:01:02,845 [INFO] Engine:305 - compute dependency for SwPack MBEDTLS have been done, no update is requested
2026-06-24 11:01:02,845 [INFO] Engine:305 - compute dependency for SwPack PDM2PCM have been done, no update is requested
2026-06-24 11:01:02,845 [INFO] Engine:305 - compute dependency for SwPack PDM2PCM have been done, no update is requested
2026-06-24 11:01:02,846 [INFO] Engine:305 - compute dependency for SwPack PDM2PCM have been done, no update is requested
2026-06-24 11:01:02,847 [INFO] Engine:305 - compute dependency for SwPack USB_DEVICE have been done, no update is requested
2026-06-24 11:01:02,848 [INFO] Engine:305 - compute dependency for SwPack USB_DEVICE have been done, no update is requested
2026-06-24 11:01:02,848 [INFO] Engine:305 - compute dependency for SwPack USB_DEVICE have been done, no update is requested
2026-06-24 11:01:02,849 [INFO] Engine:305 - compute dependency for SwPack USB_HOST have been done, no update is requested
2026-06-24 11:01:02,850 [INFO] Engine:305 - compute dependency for SwPack USB_HOST have been done, no update is requested
2026-06-24 11:01:02,850 [WARN] XmlIntegratedPack:130 - No IP in current MCU
2026-06-24 11:01:02,850 [WARN] XmlIntegratedPack:130 - No IP in current MCU
2026-06-24 11:01:02,850 [WARN] XmlIntegratedPack:130 - No IP in current MCU
2026-06-24 11:01:02,850 [WARN] XmlIntegratedPack:130 - No IP in current MCU
2026-06-24 11:01:02,850 [WARN] XmlIntegratedPack:130 - No IP in current MCU
2026-06-24 11:01:02,850 [WARN] XmlIntegratedPack:130 - No IP in current MCU
2026-06-24 11:01:02,851 [WARN] XmlIntegratedPack:130 - No IP in current MCU
2026-06-24 11:01:02,851 [WARN] XmlIntegratedPack:130 - No IP in current MCU
2026-06-24 11:01:02,851 [WARN] XmlIntegratedPack:130 - No IP in current MCU
2026-06-24 11:01:02,851 [WARN] XmlIntegratedPack:130 - No IP in current MCU
2026-06-24 11:01:02,851 [WARN] XmlIntegratedPack:130 - No IP in current MCU
2026-06-24 11:01:02,851 [WARN] XmlIntegratedPack:130 - No IP in current MCU
2026-06-24 11:01:02,851 [WARN] XmlIntegratedPack:130 - No IP in current MCU
2026-06-24 11:01:02,851 [INFO] ThirdPartyDb:299 - Save Third Party DataBase File (C:/Users/Michal/.stm32cubemx/plugins/thirdparty/db/thirdparties_db.xml) [forced]
2026-06-24 11:01:02,854 [INFO] Engine:289 - softwarePackList size : 14
2026-06-24 11:01:02,855 [INFO] Engine:301 - compute dependency for SwPack I-CUBE-CANOPEN have been done, and update is requested
2026-06-24 11:01:02,858 [INFO] Engine:305 - compute dependency for SwPack FreeRTOS have been done, no update is requested
2026-06-24 11:01:02,858 [INFO] Engine:305 - compute dependency for SwPack lwIP have been done, no update is requested
2026-06-24 11:01:02,858 [INFO] Engine:305 - compute dependency for SwPack lwIP have been done, no update is requested
2026-06-24 11:01:02,859 [INFO] Engine:305 - compute dependency for SwPack MBEDTLS have been done, no update is requested
2026-06-24 11:01:02,859 [INFO] Engine:305 - compute dependency for SwPack MBEDTLS have been done, no update is requested
2026-06-24 11:01:02,859 [INFO] Engine:305 - compute dependency for SwPack PDM2PCM have been done, no update is requested
2026-06-24 11:01:02,859 [INFO] Engine:305 - compute dependency for SwPack PDM2PCM have been done, no update is requested
2026-06-24 11:01:02,859 [INFO] Engine:305 - compute dependency for SwPack PDM2PCM have been done, no update is requested
2026-06-24 11:01:02,862 [INFO] Engine:305 - compute dependency for SwPack USB_DEVICE have been done, no update is requested
2026-06-24 11:01:02,863 [INFO] Engine:305 - compute dependency for SwPack USB_DEVICE have been done, no update is requested
2026-06-24 11:01:02,863 [INFO] Engine:305 - compute dependency for SwPack USB_DEVICE have been done, no update is requested
2026-06-24 11:01:02,866 [INFO] Engine:305 - compute dependency for SwPack USB_HOST have been done, no update is requested
2026-06-24 11:01:02,867 [INFO] Engine:305 - compute dependency for SwPack USB_HOST have been done, no update is requested
2026-06-24 11:01:02,867 [INFO] ThirdPartyDb:299 - Save Third Party DataBase File (C:/Users/Michal/.stm32cubemx/plugins/thirdparty/db/thirdparties_db.xml) [forced]
2026-06-24 11:01:02,918 [INFO] ThirdPartyDb:299 - Save Third Party DataBase File (C:/Users/Michal/.stm32cubemx/plugins/thirdparty/db/thirdparties_db.xml) [forced]
2026-06-24 11:01:02,922 [ERROR] ThirdParty:823 - Integrity check failed: pack='C:\Users\Michal\STM32Cube\Repository\Packs\emotas\I-CUBE-CANOPEN\1.3.0\emotas.I-CUBE-CANOPEN.pdsc' / reason: PDSC version is not supported
2026-06-24 11:01:02,924 [INFO] ThirdPartyDb:299 - Save Third Party DataBase File (C:/Users/Michal/.stm32cubemx/plugins/thirdparty/db/thirdparties_db.xml) [forced]
2026-06-24 11:01:02,934 [INFO] ThirdPartyDb:299 - Save Third Party DataBase File (C:/Users/Michal/.stm32cubemx/plugins/thirdparty/db/thirdparties_db.xml) [forced]
2026-06-24 11:01:02,941 [INFO] IntegrityCheckThread:76 - exiting critical section [integrity check]
2026-06-24 11:01:02,941 [INFO] IntegrityCheckThread:79 - End integrity checks thread
2026-06-24 11:01:23,467 [INFO] CrossSelectorPresenter:1330 - Cross Selector saved comparison directory: C:\Users\Michal\.stmcufinder\plugins\mcufinder\mcu\cs_comparisons_mx
2026-06-24 11:01:23,476 [INFO] MultiScanPanel:193 - Auto-refresh data requested => check proxy status ongoing
2026-06-24 11:01:23,482 [INFO] FinderPluginLoader:87 - Searching for filters in installed packs
2026-06-24 11:01:23,486 [INFO] DbMcusXml:100 - Load MCU database from E:\Programs\STM\STM32CubeIDE_1.4.0\STM32CubeIDE\plugins\com.st.stm32cube.common.mx_6.0.0.202007160824\\db\/mcu/families.xml
2026-06-24 11:01:24,582 [INFO] DbMcusJson:92 - JSON generation date=Thu Jul 02 17:47:47 CEST 2020 (1593704867)
2026-06-24 11:01:26,089 [INFO] DbMcus:175 - Found 1761 MCUs (1722 are supported by CubeMX, 1728 are visible in CubeMX)
2026-06-24 11:01:26,091 [INFO] ApiDb:201 - Load user favorites file C:\Users\Michal/.stm32cubeide/favorites.mcus.txt: 0 item(s)
2026-06-24 11:01:26,092 [INFO] ApiDb:205 - User favorites MCUs=[]
2026-06-24 11:01:26,092 [INFO] DbMcus:187 - Set 0 / 0 favorites MCUs
2026-06-24 11:01:29,187 [INFO] ServerAccessManage:348 - Download File 
2026-06-24 11:01:29,205 [INFO] LoadUrlFilesThread:162 - End of LoadServerUrlFiles without Thread
2026-06-24 11:01:29,395 [INFO] DetailPanel:331 - Set advertising image to C:/Users/Michal/STM32Cube/Repository/\stm32cubemx-promo_image.jpg
2026-06-24 11:01:29,972 [INFO] ToolPreferences:109 - Table McuList, key=mcufinder_cubeide.mculist: column name not found=Commercial Part No
2026-06-24 11:01:29,973 [INFO] ToolPreferences:109 - Table McuList, key=mcufinder_cubeide.mculist: column name not found=I/O
2026-06-24 11:01:29,973 [INFO] ToolPreferences:109 - Table McuList, key=mcufinder_cubeide.mculist: column name not found=Frequency
2026-06-24 11:01:29,975 [INFO] McuFilterPanel:245 - Update 0 favorites MCUs
2026-06-24 11:01:30,104 [INFO] ToolPreferences:109 - Table McuList, key=mcufinder_cubeide.mculist: column name not found=Commercial Part No
2026-06-24 11:01:30,104 [INFO] ToolPreferences:109 - Table McuList, key=mcufinder_cubeide.mculist: column name not found=I/O
2026-06-24 11:01:30,105 [INFO] ToolPreferences:109 - Table McuList, key=mcufinder_cubeide.mculist: column name not found=Frequency
2026-06-24 11:01:30,120 [INFO] DbBoardsPdsc:94 - Found 23 items
2026-06-24 11:01:30,123 [INFO] DbBoardsPdsc:94 - Found 9 items
2026-06-24 11:01:30,129 [INFO] DbBoardsPdsc:94 - Found 29 items
2026-06-24 11:01:30,131 [INFO] DbBoardsPdsc:94 - Found 1 items
2026-06-24 11:01:30,145 [INFO] DbBoardsPdsc:94 - Found 44 items
2026-06-24 11:01:30,155 [INFO] DbBoardsPdsc:94 - Found 40 items
2026-06-24 11:01:30,159 [INFO] DbBoardsPdsc:94 - Found 2 items
2026-06-24 11:01:30,161 [INFO] DbBoardsPdsc:94 - Found 4 items
2026-06-24 11:01:30,194 [WARN] DbBoardsPdsc:258 - Board STM32H7B3I-DK: unknown feature type=Audio, name=, username=Audio stereo codec with Headphone Amp (CS42L51-CNZ), n=1
2026-06-24 11:01:30,195 [WARN] DbBoardsPdsc:258 - Board STM32H735G-DK: unknown feature type=Audio, name=, username=Audio stereo codec with Headphone Amp (WM8994ECS/R), n=1
2026-06-24 11:01:30,198 [WARN] DbBoardsPdsc:258 - Board STM32H7B3I-EVAL: unknown feature type=Audio, name=, username=Multi-Channel Audio Codec (CS42L51-CNZ), n=1
2026-06-24 11:01:30,198 [WARN] DbBoardsPdsc:258 - Board STM32H7B3I-EVAL: unknown feature type=Meter, name=, username=Power-metering and Temperature-monitoring with sigma-delta modulators, n=1
2026-06-24 11:01:30,198 [WARN] DbBoardsPdsc:258 - Board STM32H7B3I-EVAL: unknown feature type=Motor, name=, username=Motor Control, n=1
2026-06-24 11:01:30,274 [INFO] DbBoardsJson:85 - JSON generation date=Thu Jul 02 15:35:57 CEST 2020 (1593696957)
2026-06-24 11:01:30,283 [INFO] DbBoards:117 - Found 152 boards (149 are supported by CubeMX)
2026-06-24 11:01:30,299 [INFO] DbBoardsDocs:145 - JSON generation date=Thu Jul 02 17:47:47 CEST 2020 (1593704867)
2026-06-24 11:01:30,341 [INFO] DbBoardsDocs:81 - Found 185 boards documents
2026-06-24 11:01:30,341 [WARN] DbBoards:149 - board B-G474E-DPOW1 / document id not found: 4624
2026-06-24 11:01:30,342 [WARN] DbBoards:149 - board B-G474E-DPOW1 / document id not found: 4625
2026-06-24 11:01:30,342 [WARN] DbBoards:127 - board B-L462E-CELL1 has no document id list !
2026-06-24 11:01:30,343 [WARN] DbBoards:127 - board B-L475E-IOT01A2 has no document id list !
2026-06-24 11:01:30,345 [WARN] DbBoards:127 - board NUCLEO-G491RE has no document id list !
2026-06-24 11:01:30,345 [WARN] DbBoards:127 - board NUCLEO-H723ZG has no document id list !
2026-06-24 11:01:30,345 [WARN] DbBoards:127 - board NUCLEO-H743ZI2 has no document id list !
2026-06-24 11:01:30,368 [WARN] DbBoards:127 - board NUCLEO-WB55RG has no document id list !
2026-06-24 11:01:30,369 [WARN] DbBoards:127 - board P-NUCLEO-WB55-Nucleo has no document id list !
2026-06-24 11:01:30,369 [WARN] DbBoards:127 - board P-NUCLEO-WB55-USBDongle has no document id list !
2026-06-24 11:01:30,369 [WARN] DbBoards:127 - board STEVAL-BFA001V1B has no document id list !
2026-06-24 11:01:30,369 [WARN] DbBoards:127 - board STEVAL-BFA001V2B has no document id list !
2026-06-24 11:01:30,370 [WARN] DbBoards:127 - board STEVAL-IDP005V1 has no document id list !
2026-06-24 11:01:30,370 [WARN] DbBoards:127 - board STEVAL-IDP005V2 has no document id list !
2026-06-24 11:01:30,370 [WARN] DbBoards:127 - board STEVAL-MKSBOX1V1 has no document id list !
2026-06-24 11:01:30,370 [WARN] DbBoards:127 - board STEVAL-STWINKT1 has no document id list !
2026-06-24 11:01:30,371 [WARN] DbBoards:127 - board STM32F401C-DISCO has no document id list !
2026-06-24 11:01:30,372 [WARN] DbBoards:127 - board STM32F769I-DISC1 has no document id list !
2026-06-24 11:01:30,373 [WARN] DbBoards:127 - board STM32G474E-EVAL1 has no document id list !
2026-06-24 11:01:30,373 [WARN] DbBoards:127 - board STM32H735G-DK has no document id list !
2026-06-24 11:01:30,374 [WARN] DbBoards:127 - board STM32H743I-EVAL2 has no document id list !
2026-06-24 11:01:30,374 [WARN] DbBoards:127 - board STM32H747I-DISC1 has no document id list !
2026-06-24 11:01:30,375 [WARN] DbBoards:127 - board STM32H753I-EVAL2 has no document id list !
2026-06-24 11:01:30,375 [WARN] DbBoards:127 - board STM32L-DISCOVERY has no document id list !
2026-06-24 11:01:30,376 [WARN] DbBoards:127 - board STM32MP157A-DK1 has no document id list !
2026-06-24 11:01:30,377 [WARN] DbBoards:127 - board STM32MP157F-EV1 has no document id list !
2026-06-24 11:01:34,217 [ERROR] DbBoards:192 - No image file URL for board B-L462E-CELL1
2026-06-24 11:04:21,279 [INFO] ApiDb:201 - Load user favorites file C:\Users\Michal/.stm32cubeide/favorites.boards.txt: 0 item(s)
2026-06-24 11:04:21,280 [INFO] ApiDb:205 - User favorites Boards=[]
2026-06-24 11:04:21,280 [INFO] DbBoards:206 - Set 0 / 0 favorites Boards
2026-06-24 11:04:23,265 [INFO] MultiScanPanel:193 - Auto-refresh data requested => check proxy status ongoing
2026-06-24 11:04:26,354 [INFO] LoadUrlFilesThread:162 - End of LoadServerUrlFiles without Thread
2026-06-24 11:04:26,355 [INFO] DetailPanel:331 - Set advertising image to C:/Users/Michal/STM32Cube/Repository/\stm32cubemx-promo_image.jpg
2026-06-24 11:04:27,954 [INFO] BoardFilterPanel:214 - Update 0 favorites Boards
2026-06-24 11:04:27,989 [INFO] MultiScanPanel:193 - Auto-refresh data requested => check proxy status ongoing
2026-06-24 11:04:30,240 [INFO] DbExamplesSqlite:156 - SQLite db open (C:\Users\Michal\.stmcufinder\plugins\mcufinder\mcu\cube-finder-db.db)
2026-06-24 11:04:44,195 [INFO] DbExamplesSqlite:447 - Ignored 39 examples not supported by CubeIDE
2026-06-24 11:04:44,195 [INFO] DbExamplesSqlite:448 - Found 11215 examples active
2026-06-24 11:04:44,196 [INFO] DbExamplesSqlite:449 - Found 0 examples obsolete
2026-06-24 11:04:44,196 [INFO] DbExamplesSqlite:450 - Found 0 examples under development
2026-06-24 11:04:44,197 [INFO] DbExamplesSqlite:451 - Found 76 examples not building
2026-06-24 11:04:44,564 [INFO] DbExamplesSqlite:130 - SQLite Data Model version=2.1
2026-06-24 11:04:44,564 [INFO] DbExamplesSqlite:131 - SQLite Configuration version=3.0.42
2026-06-24 11:04:44,565 [INFO] DbExamplesSqlite:132 - SQLite generation date=2026-05-14 (1778746352)
2026-06-24 11:04:44,565 [INFO] DbExamplesSqlite:133 - SQLite FW Pack versions=[FP-ATR-ASTRA1_V2.0.0, FP-SNS-FLIGHT1_V5.1.0, FP-SNS-MOTENV1_V5.1.0, FP-SNS-MOTENVWB1_V1.5.0, FP-SNS-SMARTAG2_V1.2.0, FP-SNS-STBOX1_V2.1.0, STM32Cube_FW_C0_V1.4.0, STM32Cube_FW_F4_V1.28.3, STM32Cube_FW_F7_V1.17.4, STM32Cube_FW_G0_V1.6.3, STM32Cube_FW_G4_V1.6.2, STM32Cube_FW_H5_V1.6.0, STM32Cube_FW_H7RS_V1.3.0, STM32Cube_FW_H7_V1.13.0, STM32Cube_FW_L0_V1.12.2, STM32Cube_FW_L4_V1.18.2, STM32Cube_FW_L5_V1.6.0, STM32Cube_FW_N6_V1.3.0, STM32Cube_FW_U0_V1.3.0, STM32Cube_FW_U3_V1.3.0, STM32Cube_FW_U5_V1.8.0, STM32Cube_FW_WB0_V1.4.0, STM32Cube_FW_WBA_V1.9.0, STM32Cube_FW_WB_V1.24.0, STM32Cube_FW_WL3_V1.4.0, STM32Cube_FW_WL_V1.5.0, X-CUBE-ALGOBUILD_V1.4.0, X-CUBE-ALS_V1.0.2, X-CUBE-AZRTOS-F4_V1.1.0, X-CUBE-AZRTOS-F7_V1.1.0, X-CUBE-AZRTOS-G0_V1.1.0, X-CUBE-AZRTOS-G4_V2.0.0, X-CUBE-AZRTOS-H7RS_V1.1.0, X-CUBE-AZRTOS-H7_V3.5.0, X-CUBE-AZRTOS-L4_V2.0.0, X-CUBE-AZRTOS-L5_V2.0.0, X-CUBE-AZRTOS-WB_V2.0.0, X-CUBE-AZRTOS-WL_V2.0.0, X-CUBE-BLE1_V7.1.0, X-CUBE-BLE2_V3.3.0, X-CUBE-BLEMGR_V4.1.0, X-CUBE-EEPRMA1_V5.2.0, X-CUBE-FREERTOS_V1.5.0, X-CUBE-GNSS1_V7.1.1, X-CUBE-MEMS1_V12.1.0, X-CUBE-NFC4_V3.0.0, X-CUBE-NFC7_V2.0.0, X-CUBE-SFXS2LP1_V4.0.0, X-CUBE-ST67W61_V1.3.0, X-CUBE-SUBG2_V5.0.0, X-CUBE-TOF1_V3.4.3]
2026-06-24 11:04:44,567 [INFO] DbExamples:123 - Found 11252 examples
2026-06-24 11:04:48,287 [ERROR] DbExamples:199 - Found 11252 examples with invalid data (board or MCU)
2026-06-24 11:04:48,289 [INFO] DbExamples:215 - Found 88 boards with related examples
2026-06-24 11:04:48,289 [INFO] DbExamples:228 - Found 0 MCUs with related examples
2026-06-24 11:04:48,452 [INFO] ApiDb:201 - Load user favorites file C:\Users\Michal/.stm32cubeide/favorites.examples.txt: 0 item(s)
2026-06-24 11:04:48,453 [INFO] ApiDb:205 - User favorites Examples=[]
2026-06-24 11:04:48,453 [INFO] DbExamples:249 - Set 0 / 0 favorites Examples
2026-06-24 11:05:08,409 [INFO] LoadUrlFilesThread:162 - End of LoadServerUrlFiles without Thread
2026-06-24 11:05:08,410 [INFO] DetailPanel:331 - Set advertising image to C:/Users/Michal/STM32Cube/Repository/\stm32cubemx-promo_image.jpg
2026-06-24 11:05:33,562 [INFO] ExampleFilterPanel:266 - Update 0 favorites Examples
2026-06-24 11:05:46,502 [INFO] ApiDb:226 - Save user favorites file C:\Users\Michal/.stm32cubeide/favorites.mcus.txt: 0 item(s)
2026-06-24 11:05:46,504 [INFO] ApiDb:230 - User favorites MCUs=[]
2026-06-24 11:05:46,509 [INFO] ApiDb:226 - Save user favorites file C:\Users\Michal/.stm32cubeide/favorites.boards.txt: 0 item(s)
2026-06-24 11:05:46,509 [INFO] ApiDb:230 - User favorites Boards=[]
2026-06-24 11:05:46,517 [INFO] ApiDb:226 - Save user favorites file C:\Users\Michal/.stm32cubeide/favorites.examples.txt: 0 item(s)
2026-06-24 11:05:46,518 [INFO] ApiDb:230 - User favorites Examples=[]
2026-06-24 11:07:21,806 [INFO] MainUpdater:2268 - connection check result : 10
2026-06-24 11:07:21,896 [INFO] McuFinderGlobals:40 - Set McuFinder mode to 2 (CubeIDE integrated)
2026-06-24 11:07:21,956 [INFO] CrossSelectorPresenter:1330 - Cross Selector saved comparison directory: C:\Users\Michal\.stmcufinder\plugins\mcufinder\mcu\cs_comparisons_mx
2026-06-24 11:07:21,959 [INFO] MultiScanPanel:193 - Auto-refresh data requested => check proxy status ongoing
2026-06-24 11:07:21,960 [INFO] FinderPluginLoader:87 - Searching for filters in installed packs
2026-06-24 11:07:22,293 [INFO] LoadUrlFilesThread:162 - End of LoadServerUrlFiles without Thread
2026-06-24 11:07:22,293 [INFO] DetailPanel:331 - Set advertising image to C:/Users/Michal/STM32Cube/Repository/\stm32cubemx-promo_image.jpg
2026-06-24 11:07:22,435 [INFO] MultiScanPanel:729 - adjusting invalid saved split location: -0.03
2026-06-24 11:07:22,492 [INFO] McuFilterPanel:245 - Update 0 favorites MCUs
2026-06-24 11:07:22,493 [INFO] MultiScanPanel:729 - adjusting invalid saved split location: -0.03
2026-06-24 11:08:56,996 [INFO] MainUpdater:2268 - connection check result : 10
2026-06-24 11:08:57,092 [INFO] McuFinderGlobals:40 - Set McuFinder mode to 2 (CubeIDE integrated)
2026-06-24 11:08:57,107 [INFO] CrossSelectorPresenter:1330 - Cross Selector saved comparison directory: C:\Users\Michal\.stmcufinder\plugins\mcufinder\mcu\cs_comparisons_mx
2026-06-24 11:08:57,109 [INFO] MultiScanPanel:193 - Auto-refresh data requested => check proxy status ongoing
2026-06-24 11:08:57,109 [INFO] FinderPluginLoader:87 - Searching for filters in installed packs
2026-06-24 11:08:57,319 [INFO] LoadUrlFilesThread:162 - End of LoadServerUrlFiles without Thread
2026-06-24 11:08:57,319 [INFO] DetailPanel:331 - Set advertising image to C:/Users/Michal/STM32Cube/Repository/\stm32cubemx-promo_image.jpg
2026-06-24 11:08:57,412 [INFO] MultiScanPanel:729 - adjusting invalid saved split location: -0.03
2026-06-24 11:08:57,446 [INFO] McuFilterPanel:245 - Update 0 favorites MCUs
2026-06-24 11:08:57,447 [INFO] MultiScanPanel:729 - adjusting invalid saved split location: -0.03
2026-06-24 11:11:20,229 [INFO] MainUpdater:2268 - connection check result : 10
2026-06-24 11:11:20,323 [INFO] McuFinderGlobals:40 - Set McuFinder mode to 2 (CubeIDE integrated)
2026-06-24 11:11:20,341 [INFO] CrossSelectorPresenter:1330 - Cross Selector saved comparison directory: C:\Users\Michal\.stmcufinder\plugins\mcufinder\mcu\cs_comparisons_mx
2026-06-24 11:11:20,349 [INFO] MultiScanPanel:193 - Auto-refresh data requested => check proxy status ongoing
2026-06-24 11:11:20,350 [INFO] FinderPluginLoader:87 - Searching for filters in installed packs
2026-06-24 11:11:20,571 [INFO] LoadUrlFilesThread:162 - End of LoadServerUrlFiles without Thread
2026-06-24 11:11:20,572 [INFO] DetailPanel:331 - Set advertising image to C:/Users/Michal/STM32Cube/Repository/\stm32cubemx-promo_image.jpg
2026-06-24 11:11:20,712 [INFO] MultiScanPanel:729 - adjusting invalid saved split location: -0.03
2026-06-24 11:11:20,751 [INFO] McuFilterPanel:245 - Update 0 favorites MCUs
2026-06-24 11:11:20,752 [INFO] MultiScanPanel:729 - adjusting invalid saved split location: -0.03
2026-06-24 11:12:11,366 [INFO] MainUpdater:2268 - connection check result : 10
2026-06-24 11:12:11,466 [INFO] McuFinderGlobals:40 - Set McuFinder mode to 2 (CubeIDE integrated)
2026-06-24 11:12:11,486 [INFO] CrossSelectorPresenter:1330 - Cross Selector saved comparison directory: C:\Users\Michal\.stmcufinder\plugins\mcufinder\mcu\cs_comparisons_mx
2026-06-24 11:12:11,488 [INFO] MultiScanPanel:193 - Auto-refresh data requested => check proxy status ongoing
2026-06-24 11:12:11,488 [INFO] FinderPluginLoader:87 - Searching for filters in installed packs
2026-06-24 11:12:11,680 [INFO] LoadUrlFilesThread:162 - End of LoadServerUrlFiles without Thread
2026-06-24 11:12:11,681 [INFO] DetailPanel:331 - Set advertising image to C:/Users/Michal/STM32Cube/Repository/\stm32cubemx-promo_image.jpg
2026-06-24 11:12:11,802 [INFO] MultiScanPanel:729 - adjusting invalid saved split location: -0.03
2026-06-24 11:12:11,830 [INFO] McuFilterPanel:245 - Update 0 favorites MCUs
2026-06-24 11:12:11,831 [INFO] MultiScanPanel:729 - adjusting invalid saved split location: -0.03
2026-06-24 11:13:02,619 [INFO] ApiDb:226 - Save user favorites file C:\Users\Michal/.stm32cubeide/favorites.mcus.txt: 0 item(s)
2026-06-24 11:13:02,619 [INFO] ApiDb:230 - User favorites MCUs=[]
2026-06-24 11:13:05,493 [INFO] ApiDb:226 - Save user favorites file C:\Users\Michal/.stm32cubeide/favorites.mcus.txt: 0 item(s)
2026-06-24 11:13:05,493 [INFO] ApiDb:230 - User favorites MCUs=[]
2026-06-24 11:13:07,840 [INFO] ApiDb:226 - Save user favorites file C:\Users\Michal/.stm32cubeide/favorites.mcus.txt: 0 item(s)
2026-06-24 11:13:07,840 [INFO] ApiDb:230 - User favorites MCUs=[]
2026-06-24 11:13:09,876 [INFO] ApiDb:226 - Save user favorites file C:\Users\Michal/.stm32cubeide/favorites.mcus.txt: 0 item(s)
2026-06-24 11:13:09,876 [INFO] ApiDb:230 - User favorites MCUs=[]
2026-06-24 11:13:21,596 [INFO] Activator:178 - 


2026-06-24 11:13:21,601 [INFO] Activator:179 - !SESSION log4j initialized
2026-06-24 11:13:23,934 [ERROR] ApiDbMcu:1464 - Can't use Application install path:
2026-06-24 11:13:37,804 [WARN] RulesReader:54 - Compatibility file://mcu/compatibility.xml not found
2026-06-24 11:13:58,477 [INFO] ApplicationProperties:181 - Using Application install path: E:\Programs\STM\STM32CubeIDE_1.4.0\STM32CubeIDE\plugins\com.st.stm32cube.common.mx_6.0.0.202007160824
2026-06-24 11:13:58,485 [INFO] DbMcusXml:70 - Set database path to: E:\Programs\STM\STM32CubeIDE_1.4.0\STM32CubeIDE\plugins\com.st.stm32cube.common.mx_6.0.0.202007160824\\db\/mcu/
2026-06-24 11:13:58,489 [INFO] DbBoardsPdsc:56 - Set plugin database path to: E:\Programs\STM\STM32CubeIDE_1.4.0\STM32CubeIDE\plugins\com.st.stm32cube.common.mx_6.0.0.202007160824\\db\/plugins/boardmanager/
2026-06-24 11:13:58,490 [INFO] DbMcus:258 - Set plugin images path to: E:\Programs\STM\STM32CubeIDE_1.4.0\STM32CubeIDE\plugins\com.st.stm32cube.common.mx_6.0.0.202007160824\\db\/plugins/mcufinder/images/
2026-06-24 11:13:58,490 [INFO] DbBoards:264 - Set plugin images path to: E:\Programs\STM\STM32CubeIDE_1.4.0\STM32CubeIDE\plugins\com.st.stm32cube.common.mx_6.0.0.202007160824\\db\/plugins/mcufinder/images/
2026-06-24 11:13:58,493 [INFO] DbExamples:326 - Set plugin images path to: E:\Programs\STM\STM32CubeIDE_1.4.0\STM32CubeIDE\plugins\com.st.stm32cube.common.mx_6.0.0.202007160824\\db\/plugins/mcufinder/images/
2026-06-24 11:13:58,510 [INFO] DbMcusDocs:112 - Set database path to: C:\Users\Michal\.stmcufinder\plugins\mcufinder//mcu/
2026-06-24 11:13:58,513 [INFO] DbMcusJson:63 - Set database path to: C:\Users\Michal\.stmcufinder\plugins\mcufinder//mcu/
2026-06-24 11:13:58,514 [INFO] DbBoardsDocs:112 - Set database path to: C:\Users\Michal\.stmcufinder\plugins\mcufinder//mcu/
2026-06-24 11:13:58,516 [INFO] DbBoardsJson:56 - Set database path to: C:\Users\Michal\.stmcufinder\plugins\mcufinder//mcu/
2026-06-24 11:13:58,523 [INFO] CrossReferenceDbSqlite:196 - Set database path to: C:\Users\Michal\.stmcufinder\plugins\mcufinder//mcu/cs/
2026-06-24 11:13:58,528 [INFO] DbExamplesSqlite:800 - Set database path to: C:\Users\Michal\.stmcufinder\plugins\mcufinder//mcu/
2026-06-24 11:13:58,641 [INFO] MicroXplorer:564 - Detected Java Version = 1.8.0_252
2026-06-24 11:13:58,642 [INFO] DbMcusXml:70 - Set database path to: E:\Programs\STM\STM32CubeIDE_1.4.0\STM32CubeIDE\plugins\com.st.stm32cube.common.mx_6.0.0.202007160824\\db\/mcu/
2026-06-24 11:13:58,642 [INFO] DbBoardsPdsc:56 - Set plugin database path to: E:\Programs\STM\STM32CubeIDE_1.4.0\STM32CubeIDE\plugins\com.st.stm32cube.common.mx_6.0.0.202007160824\\db\/plugins/boardmanager/
2026-06-24 11:13:58,643 [INFO] DbMcus:258 - Set plugin images path to: E:\Programs\STM\STM32CubeIDE_1.4.0\STM32CubeIDE\plugins\com.st.stm32cube.common.mx_6.0.0.202007160824\\db\/plugins/mcufinder/images/
2026-06-24 11:13:58,643 [INFO] DbBoards:264 - Set plugin images path to: E:\Programs\STM\STM32CubeIDE_1.4.0\STM32CubeIDE\plugins\com.st.stm32cube.common.mx_6.0.0.202007160824\\db\/plugins/mcufinder/images/
2026-06-24 11:13:58,643 [INFO] DbExamples:326 - Set plugin images path to: E:\Programs\STM\STM32CubeIDE_1.4.0\STM32CubeIDE\plugins\com.st.stm32cube.common.mx_6.0.0.202007160824\\db\/plugins/mcufinder/images/
2026-06-24 11:13:58,643 [WARN] DbFile:36 - Overriding database path with different value: C:\Users\Michal\.stmcufinder\plugins\mcufinder/ => C:\Users\Michal\.stmcufinder\plugins\mcufinder
2026-06-24 11:13:58,643 [INFO] DbMcusDocs:112 - Set database path to: C:\Users\Michal\.stmcufinder\plugins\mcufinder//mcu/
2026-06-24 11:13:58,644 [WARN] DbFile:36 - Overriding database path with different value: C:\Users\Michal\.stmcufinder\plugins\mcufinder/ => C:\Users\Michal\.stmcufinder\plugins\mcufinder
2026-06-24 11:13:58,644 [INFO] DbMcusJson:63 - Set database path to: C:\Users\Michal\.stmcufinder\plugins\mcufinder//mcu/
2026-06-24 11:13:58,644 [WARN] DbFile:36 - Overriding database path with different value: C:\Users\Michal\.stmcufinder\plugins\mcufinder/ => C:\Users\Michal\.stmcufinder\plugins\mcufinder
2026-06-24 11:13:58,644 [INFO] DbBoardsDocs:112 - Set database path to: C:\Users\Michal\.stmcufinder\plugins\mcufinder//mcu/
2026-06-24 11:13:58,644 [WARN] DbFile:36 - Overriding database path with different value: C:\Users\Michal\.stmcufinder\plugins\mcufinder/ => C:\Users\Michal\.stmcufinder\plugins\mcufinder
2026-06-24 11:13:58,644 [INFO] DbBoardsJson:56 - Set database path to: C:\Users\Michal\.stmcufinder\plugins\mcufinder//mcu/
2026-06-24 11:13:58,645 [WARN] DbFile:36 - Overriding database path with different value: C:\Users\Michal\.stmcufinder\plugins\mcufinder/ => C:\Users\Michal\.stmcufinder\plugins\mcufinder
2026-06-24 11:13:58,645 [WARN] DbFile:36 - Overriding database path with different value: C:\Users\Michal\.stmcufinder\plugins\mcufinder/ => C:\Users\Michal\.stmcufinder\plugins\mcufinder
2026-06-24 11:13:58,645 [INFO] CrossReferenceDbSqlite:196 - Set database path to: C:\Users\Michal\.stmcufinder\plugins\mcufinder//mcu/cs/
2026-06-24 11:13:58,645 [WARN] DbFile:36 - Overriding database path with different value: C:\Users\Michal\.stmcufinder\plugins\mcufinder/ => C:\Users\Michal\.stmcufinder\plugins\mcufinder
2026-06-24 11:13:58,645 [INFO] DbExamplesSqlite:800 - Set database path to: C:\Users\Michal\.stmcufinder\plugins\mcufinder//mcu/
2026-06-24 11:13:58,749 [INFO] MainPanel:189 - HeapMemory: 311427072
2026-06-24 11:13:58,845 [INFO] DbMcusXml:70 - Set database path to: E:\Programs\STM\STM32CubeIDE_1.4.0\STM32CubeIDE\plugins\com.st.stm32cube.common.mx_6.0.0.202007160824\\db\/mcu/
2026-06-24 11:13:58,847 [INFO] DbBoardsPdsc:56 - Set plugin database path to: E:\Programs\STM\STM32CubeIDE_1.4.0\STM32CubeIDE\plugins\com.st.stm32cube.common.mx_6.0.0.202007160824\\db\/plugins/boardmanager/
2026-06-24 11:13:58,847 [INFO] DbMcus:258 - Set plugin images path to: E:\Programs\STM\STM32CubeIDE_1.4.0\STM32CubeIDE\plugins\com.st.stm32cube.common.mx_6.0.0.202007160824\\db\/plugins/mcufinder/images/
2026-06-24 11:13:58,847 [INFO] DbBoards:264 - Set plugin images path to: E:\Programs\STM\STM32CubeIDE_1.4.0\STM32CubeIDE\plugins\com.st.stm32cube.common.mx_6.0.0.202007160824\\db\/plugins/mcufinder/images/
2026-06-24 11:13:58,847 [INFO] DbExamples:326 - Set plugin images path to: E:\Programs\STM\STM32CubeIDE_1.4.0\STM32CubeIDE\plugins\com.st.stm32cube.common.mx_6.0.0.202007160824\\db\/plugins/mcufinder/images/
2026-06-24 11:13:58,848 [WARN] DbFile:36 - Overriding database path with different value: C:\Users\Michal\.stmcufinder\plugins\mcufinder/ => C:\Users\Michal\.stmcufinder\plugins\mcufinder
2026-06-24 11:13:58,848 [INFO] DbMcusDocs:112 - Set database path to: C:\Users\Michal\.stmcufinder\plugins\mcufinder//mcu/
2026-06-24 11:13:58,849 [WARN] DbFile:36 - Overriding database path with different value: C:\Users\Michal\.stmcufinder\plugins\mcufinder/ => C:\Users\Michal\.stmcufinder\plugins\mcufinder
2026-06-24 11:13:58,849 [INFO] DbMcusJson:63 - Set database path to: C:\Users\Michal\.stmcufinder\plugins\mcufinder//mcu/
2026-06-24 11:13:58,849 [WARN] DbFile:36 - Overriding database path with different value: C:\Users\Michal\.stmcufinder\plugins\mcufinder/ => C:\Users\Michal\.stmcufinder\plugins\mcufinder
2026-06-24 11:13:58,850 [INFO] DbBoardsDocs:112 - Set database path to: C:\Users\Michal\.stmcufinder\plugins\mcufinder//mcu/
2026-06-24 11:13:58,851 [WARN] DbFile:36 - Overriding database path with different value: C:\Users\Michal\.stmcufinder\plugins\mcufinder/ => C:\Users\Michal\.stmcufinder\plugins\mcufinder
2026-06-24 11:13:58,851 [INFO] DbBoardsJson:56 - Set database path to: C:\Users\Michal\.stmcufinder\plugins\mcufinder//mcu/
2026-06-24 11:13:58,851 [WARN] DbFile:36 - Overriding database path with different value: C:\Users\Michal\.stmcufinder\plugins\mcufinder/ => C:\Users\Michal\.stmcufinder\plugins\mcufinder
2026-06-24 11:13:58,851 [WARN] DbFile:36 - Overriding database path with different value: C:\Users\Michal\.stmcufinder\plugins\mcufinder/ => C:\Users\Michal\.stmcufinder\plugins\mcufinder
2026-06-24 11:13:58,852 [INFO] CrossReferenceDbSqlite:196 - Set database path to: C:\Users\Michal\.stmcufinder\plugins\mcufinder//mcu/cs/
2026-06-24 11:13:58,852 [WARN] DbFile:36 - Overriding database path with different value: C:\Users\Michal\.stmcufinder\plugins\mcufinder/ => C:\Users\Michal\.stmcufinder\plugins\mcufinder
2026-06-24 11:13:58,852 [INFO] DbExamplesSqlite:800 - Set database path to: C:\Users\Michal\.stmcufinder\plugins\mcufinder//mcu/
2026-06-24 11:13:58,877 [INFO] ApplicationProperties:181 - Using Application install path: E:\Programs\STM\STM32CubeIDE_1.4.0\STM32CubeIDE\plugins\com.st.stm32cube.common.mx_6.0.0.202007160824
2026-06-24 11:13:58,880 [INFO] PluginManage:178 - Search for loadable plugins [exclusion list=, ]
2026-06-24 11:13:58,881 [INFO] PluginManage:292 - Check plugin analytics
2026-06-24 11:13:59,082 [INFO] AnalyticsPlugin:203 - Accepted Software Licenses: STM32CubeMX.6.17.0
2026-06-24 11:13:59,083 [INFO] AnalyticsPlugin:205 - Accepted CMSIS Pack Licenses: emotas.I-CUBE-CANOPEN.1.3.0
2026-06-24 11:13:59,084 [INFO] AnalyticsPlugin:207 - Accepted Firmware Licenses: FW.F1.1.8.7
2026-06-24 11:13:59,085 [INFO] PluginManage:342 - Loaded plugin analytics (category:tool,tabindex:-1)
2026-06-24 11:13:59,085 [INFO] PluginManage:292 - Check plugin clock
2026-06-24 11:13:59,105 [INFO] PluginManage:342 - Loaded plugin clock (category:base,tabindex:2)
2026-06-24 11:13:59,105 [INFO] PluginManage:292 - Check plugin ddr
2026-06-24 11:13:59,108 [INFO] PluginManage:342 - Loaded plugin ddr (category:tool,tabindex:6)
2026-06-24 11:13:59,108 [INFO] PluginManage:292 - Check plugin filemanager
2026-06-24 11:13:59,290 [INFO] PluginManage:342 - Loaded plugin filemanager (category:base,tabindex:10)
2026-06-24 11:13:59,291 [INFO] PluginManage:292 - Check plugin ipmanager
2026-06-24 11:13:59,302 [INFO] PluginManage:342 - Loaded plugin ipmanager (category:base,tabindex:5)
2026-06-24 11:13:59,302 [INFO] PluginManage:292 - Check plugin pinoutandconfiguration
2026-06-24 11:13:59,313 [INFO] PluginManage:342 - Loaded plugin pinoutandconfiguration (category:base,tabindex:1)
2026-06-24 11:13:59,313 [INFO] PluginManage:292 - Check plugin pinoutconfig
2026-06-24 11:13:59,356 [INFO] PluginManage:342 - Loaded plugin pinoutconfig (category:base,tabindex:0)
2026-06-24 11:13:59,356 [INFO] PluginManage:292 - Check plugin power
2026-06-24 11:13:59,369 [INFO] PluginManage:342 - Loaded plugin power (category:power,tabindex:4)
2026-06-24 11:13:59,370 [INFO] PluginManage:292 - Check plugin projectmanager
2026-06-24 11:13:59,392 [INFO] PluginManage:342 - Loaded plugin projectmanager (category:projectmanager,tabindex:3)
2026-06-24 11:13:59,392 [INFO] PluginManage:292 - Check plugin thirdparty
2026-06-24 11:13:59,445 [INFO] ThirdPartyDb:333 - Open Third Party DataBase File (C:/Users/Michal/.stm32cubemx/plugins/thirdparty/db/thirdparties_db.xml) : 19 ms. number of Sw pack : 14
2026-06-24 11:13:59,452 [INFO] PluginManage:342 - Loaded plugin thirdparty (category:base,tabindex:-1)
2026-06-24 11:13:59,452 [INFO] PluginManage:292 - Check plugin tools
2026-06-24 11:13:59,456 [INFO] PluginManage:342 - Loaded plugin tools (category:base,tabindex:7)
2026-06-24 11:13:59,456 [INFO] PluginManage:292 - Check plugin tutovideos
2026-06-24 11:13:59,760 [INFO] PluginManage:342 - Loaded plugin tutovideos (category:base,tabindex:-1)
2026-06-24 11:13:59,760 [INFO] PluginManage:292 - Check plugin updater
2026-06-24 11:13:59,777 [INFO] PluginManage:342 - Loaded plugin updater (category:base,tabindex:12)
2026-06-24 11:13:59,778 [INFO] PluginManage:265 - PluginManage : Loaded plugins [13]
2026-06-24 11:14:00,026 [INFO] PinOutPanel:1418 - setPackage(No Configuration,No Configuration)
2026-06-24 11:14:00,182 [INFO] IPUIPlugin:64 - create IPUIPlugin
2026-06-24 11:14:00,183 [INFO] PluginManager:200 - loadIPPluginJar : add adc
2026-06-24 11:14:00,187 [INFO] IPUIPlugin:64 - create IPUIPlugin
2026-06-24 11:14:00,188 [INFO] PluginManager:200 - loadIPPluginJar : add aes
2026-06-24 11:14:00,193 [INFO] IPUIPlugin:64 - create IPUIPlugin
2026-06-24 11:14:00,193 [INFO] PluginManager:200 - loadIPPluginJar : add can
2026-06-24 11:14:00,197 [INFO] IPUIPlugin:64 - create IPUIPlugin
2026-06-24 11:14:00,198 [INFO] PluginManager:200 - loadIPPluginJar : add comp
2026-06-24 11:14:00,202 [INFO] IPUIPlugin:64 - create IPUIPlugin
2026-06-24 11:14:00,202 [INFO] PluginManager:200 - loadIPPluginJar : add cryp
2026-06-24 11:14:00,206 [INFO] IPUIPlugin:64 - create IPUIPlugin
2026-06-24 11:14:00,206 [INFO] PluginManager:200 - loadIPPluginJar : add dfsdm
2026-06-24 11:14:00,223 [INFO] IPUIPlugin:64 - create IPUIPlugin
2026-06-24 11:14:00,224 [INFO] PluginManager:200 - loadIPPluginJar : add dma
2026-06-24 11:14:00,227 [INFO] IPUIPlugin:64 - create IPUIPlugin
2026-06-24 11:14:00,227 [INFO] PluginManager:200 - loadIPPluginJar : add fatfs
2026-06-24 11:14:00,235 [INFO] IPUIPlugin:64 - create IPUIPlugin
2026-06-24 11:14:00,235 [INFO] PluginManager:200 - loadIPPluginJar : add fmc
2026-06-24 11:14:00,244 [INFO] IPUIPlugin:64 - create IPUIPlugin
2026-06-24 11:14:00,245 [INFO] PluginManager:200 - loadIPPluginJar : add freertos
2026-06-24 11:14:00,250 [INFO] IPUIPlugin:64 - create IPUIPlugin
2026-06-24 11:14:00,250 [INFO] PluginManager:200 - loadIPPluginJar : add genericplugin
2026-06-24 11:14:00,254 [INFO] IPUIPlugin:64 - create IPUIPlugin
2026-06-24 11:14:00,255 [INFO] PluginManager:200 - loadIPPluginJar : add gfxmmu
2026-06-24 11:14:00,264 [INFO] IPUIPlugin:64 - create IPUIPlugin
2026-06-24 11:14:00,265 [INFO] PluginManager:200 - loadIPPluginJar : add gic
2026-06-24 11:14:00,297 [INFO] IPUIPlugin:64 - create IPUIPlugin
2026-06-24 11:14:00,298 [INFO] PluginManager:200 - loadIPPluginJar : add gpio
2026-06-24 11:14:00,302 [INFO] IPUIPlugin:64 - create IPUIPlugin
2026-06-24 11:14:00,302 [INFO] PluginManager:200 - loadIPPluginJar : add gtzc
2026-06-24 11:14:00,306 [INFO] IPUIPlugin:64 - create IPUIPlugin
2026-06-24 11:14:00,307 [INFO] PluginManager:200 - loadIPPluginJar : add hash
2026-06-24 11:14:00,311 [INFO] IPUIPlugin:64 - create IPUIPlugin
2026-06-24 11:14:00,311 [INFO] PluginManager:200 - loadIPPluginJar : add i2c
2026-06-24 11:14:00,316 [INFO] IPUIPlugin:64 - create IPUIPlugin
2026-06-24 11:14:00,317 [INFO] PluginManager:200 - loadIPPluginJar : add i2s
2026-06-24 11:14:00,321 [INFO] IPUIPlugin:64 - create IPUIPlugin
2026-06-24 11:14:00,322 [INFO] PluginManager:200 - loadIPPluginJar : add ipddr
2026-06-24 11:14:00,324 [INFO] IPUIPlugin:64 - create IPUIPlugin
2026-06-24 11:14:00,325 [INFO] PluginManager:200 - loadIPPluginJar : add ltdc
2026-06-24 11:14:00,332 [INFO] IPUIPlugin:64 - create IPUIPlugin
2026-06-24 11:14:00,333 [INFO] PluginManager:200 - loadIPPluginJar : add mdma
2026-06-24 11:14:00,348 [INFO] IPUIPlugin:64 - create IPUIPlugin
2026-06-24 11:14:00,349 [INFO] PluginManager:200 - loadIPPluginJar : add nvic
2026-06-24 11:14:00,356 [INFO] IPUIPlugin:64 - create IPUIPlugin
2026-06-24 11:14:00,356 [INFO] PluginManager:200 - loadIPPluginJar : add opamp
2026-06-24 11:14:00,360 [INFO] IPUIPlugin:64 - create IPUIPlugin
2026-06-24 11:14:00,360 [INFO] PluginManager:200 - loadIPPluginJar : add openamp
2026-06-24 11:14:00,365 [INFO] IPUIPlugin:64 - create IPUIPlugin
2026-06-24 11:14:00,366 [INFO] PluginManager:200 - loadIPPluginJar : add pdm2pcm
2026-06-24 11:14:00,376 [INFO] IPUIPlugin:64 - create IPUIPlugin
2026-06-24 11:14:00,382 [INFO] PluginManager:200 - loadIPPluginJar : add plateformsettings
2026-06-24 11:14:00,385 [INFO] IPUIPlugin:64 - create IPUIPlugin
2026-06-24 11:14:00,385 [INFO] PluginManager:200 - loadIPPluginJar : add quadspi
2026-06-24 11:14:00,389 [INFO] IPUIPlugin:64 - create IPUIPlugin
2026-06-24 11:14:00,389 [INFO] PluginManager:200 - loadIPPluginJar : add resmgrutility
2026-06-24 11:14:00,394 [INFO] IPUIPlugin:64 - create IPUIPlugin
2026-06-24 11:14:00,395 [INFO] PluginManager:200 - loadIPPluginJar : add sai
2026-06-24 11:14:00,398 [INFO] IPUIPlugin:64 - create IPUIPlugin
2026-06-24 11:14:00,399 [INFO] PluginManager:200 - loadIPPluginJar : add spi
2026-06-24 11:14:00,403 [INFO] IPUIPlugin:64 - create IPUIPlugin
2026-06-24 11:14:00,404 [INFO] PluginManager:200 - loadIPPluginJar : add stm32_wpan
2026-06-24 11:14:00,406 [INFO] IPUIPlugin:64 - create IPUIPlugin
2026-06-24 11:14:00,407 [INFO] PluginManager:200 - loadIPPluginJar : add tim
2026-06-24 11:14:00,411 [INFO] IPUIPlugin:64 - create IPUIPlugin
2026-06-24 11:14:00,412 [INFO] PluginManager:200 - loadIPPluginJar : add touchsensing
2026-06-24 11:14:00,415 [INFO] IPUIPlugin:64 - create IPUIPlugin
2026-06-24 11:14:00,416 [INFO] PluginManager:200 - loadIPPluginJar : add tracer_emb
2026-06-24 11:14:00,419 [INFO] IPUIPlugin:64 - create IPUIPlugin
2026-06-24 11:14:00,420 [INFO] PluginManager:200 - loadIPPluginJar : add ts
2026-06-24 11:14:00,423 [INFO] IPUIPlugin:64 - create IPUIPlugin
2026-06-24 11:14:00,424 [INFO] PluginManager:200 - loadIPPluginJar : add tsc
2026-06-24 11:14:00,427 [INFO] IPUIPlugin:64 - create IPUIPlugin
2026-06-24 11:14:00,427 [INFO] PluginManager:200 - loadIPPluginJar : add ucpd
2026-06-24 11:14:00,432 [INFO] IPUIPlugin:64 - create IPUIPlugin
2026-06-24 11:14:00,432 [INFO] PluginManager:200 - loadIPPluginJar : add usart
2026-06-24 11:14:01,994 [INFO] CubeProgrammer:457 - [DDR PANEL] - PathOfProgrammer: null
2026-06-24 11:14:02,921 [FATAL] Updater:282 - Updater called before beeing initialized
2026-06-24 11:14:03,139 [FATAL] Updater:282 - Updater called before beeing initialized
2026-06-24 11:14:03,140 [WARN] ThirdParty:775 - waiting for thirdparty lock release [close project]
2026-06-24 11:14:03,141 [INFO] ThirdParty:777 - entering critical section [close project]
2026-06-24 11:14:03,143 [INFO] ThirdParty:790 - exiting critical section [close project]
2026-06-24 11:14:03,149 [INFO] PinOutPanel:1418 - setPackage(No Configuration,No Configuration)
2026-06-24 11:14:03,150 [FATAL] Updater:282 - Updater called before beeing initialized
2026-06-24 11:14:03,159 [ERROR] Updater:967 - MainUpdater not yet initialized. External WinMGr cannot be set.
2026-06-24 11:14:03,161 [INFO] CubeProgrammer:457 - [DDR PANEL] - PathOfProgrammer: E:\Programs\STM\STM32CubeIDE_1.4.0\STM32CubeIDE\plugins\com.st.stm32cube.ide.mcu.externaltools.cubeprogrammer.win32_1.4.0.202007081208\tools\bin
2026-06-24 11:14:03,166 [INFO] ProgrammerExecThread:148 - [ProgrammerAPI] CubeProgrammer command construction: E:\Programs\STM\STM32CubeIDE_1.4.0\STM32CubeIDE\plugins\com.st.stm32cube.ide.mcu.externaltools.cubeprogrammer.win32_1.4.0.202007081208\tools\bin\STM32_Programmer_CLI.exe -l
2026-06-24 11:14:03,382 [INFO] MainDdrPanel:49 - [DDR PANEL] SETTER - Set cubeProgrammerPath to: E:\Programs\STM\STM32CubeIDE_1.4.0\STM32CubeIDE\plugins\com.st.stm32cube.ide.mcu.externaltools.cubeprogrammer.win32_1.4.0.202007081208\tools\bin
2026-06-24 11:14:03,415 [INFO] Updater:904 - Updater Version found : 6.0.0
2026-06-24 11:14:03,452 [INFO] ApplicationProperties:181 - Using Application install path: E:\Programs\STM\STM32CubeIDE_1.4.0\STM32CubeIDE\plugins\com.st.stm32cube.common.mx_6.0.0.202007160824
2026-06-24 11:14:03,879 [INFO] MainUpdater:2268 - connection check result : 10
2026-06-24 11:14:03,880 [INFO] MainUpdater:239 - Updater Check For Update Now.
2026-06-24 11:14:03,880 [INFO] MicroXplorer:414 - Change Database Version : DB.6.0.0
2026-06-24 11:14:04,018 [INFO] CheckServerUpdateThread:102 - End of CheckServer Thread
2026-06-24 11:14:04,115 [INFO] MainUpdater:2268 - connection check result : 10
2026-06-24 11:14:04,414 [INFO] McuFinderGlobals:40 - Set McuFinder mode to 2 (CubeIDE integrated)
2026-06-24 11:14:04,678 [INFO] CrossSelectorPresenter:1330 - Cross Selector saved comparison directory: C:\Users\Michal\.stmcufinder\plugins\mcufinder\mcu\cs_comparisons_mx
2026-06-24 11:14:04,683 [INFO] MultiScanPanel:193 - Auto-refresh data requested => check proxy status ongoing
2026-06-24 11:14:04,686 [INFO] FinderPluginLoader:87 - Searching for filters in installed packs
2026-06-24 11:14:04,688 [INFO] DbMcusXml:100 - Load MCU database from E:\Programs\STM\STM32CubeIDE_1.4.0\STM32CubeIDE\plugins\com.st.stm32cube.common.mx_6.0.0.202007160824\\db\/mcu/families.xml
2026-06-24 11:14:05,470 [WARN] IntegrityCheckThread:61 - waiting for thirdparty lock release [integrity check]
2026-06-24 11:14:05,470 [INFO] IntegrityCheckThread:63 - entering critical section [integrity check]
2026-06-24 11:14:05,572 [INFO] ThirdPartyDb:299 - Save Third Party DataBase File (C:/Users/Michal/.stm32cubemx/plugins/thirdparty/db/thirdparties_db.xml) [forced]
2026-06-24 11:14:05,619 [WARN] XmlIntegratedPack:130 - No IP in current MCU
2026-06-24 11:14:05,619 [WARN] XmlIntegratedPack:130 - No IP in current MCU
2026-06-24 11:14:05,620 [WARN] XmlIntegratedPack:130 - No IP in current MCU
2026-06-24 11:14:05,620 [WARN] XmlIntegratedPack:130 - No IP in current MCU
2026-06-24 11:14:05,620 [WARN] XmlIntegratedPack:130 - No IP in current MCU
2026-06-24 11:14:05,620 [WARN] XmlIntegratedPack:130 - No IP in current MCU
2026-06-24 11:14:05,620 [WARN] XmlIntegratedPack:130 - No IP in current MCU
2026-06-24 11:14:05,620 [WARN] XmlIntegratedPack:130 - No IP in current MCU
2026-06-24 11:14:05,620 [WARN] XmlIntegratedPack:130 - No IP in current MCU
2026-06-24 11:14:05,620 [WARN] XmlIntegratedPack:130 - No IP in current MCU
2026-06-24 11:14:05,621 [WARN] XmlIntegratedPack:130 - No IP in current MCU
2026-06-24 11:14:05,621 [WARN] XmlIntegratedPack:130 - No IP in current MCU
2026-06-24 11:14:05,621 [WARN] XmlIntegratedPack:130 - No IP in current MCU
2026-06-24 11:14:05,621 [INFO] ThirdPartyDb:299 - Save Third Party DataBase File (C:/Users/Michal/.stm32cubemx/plugins/thirdparty/db/thirdparties_db.xml) [forced]
2026-06-24 11:14:05,628 [INFO] ThirdPartyPackRequestProcessor:667 - CMSIS Pack Vendor :STMicroelectronics USB_HOST 2.0.0
2026-06-24 11:14:05,628 [INFO] ThirdPartyPackRequestProcessor:667 - CMSIS Pack Vendor :emotas I-CUBE-CANOPEN 1.1.3
2026-06-24 11:14:05,628 [INFO] ThirdPartyPackRequestProcessor:667 - CMSIS Pack Vendor :STMicroelectronics FreeRTOS 0.0.1
2026-06-24 11:14:05,628 [INFO] ThirdPartyPackRequestProcessor:667 - CMSIS Pack Vendor :STMicroelectronics USB_DEVICE 1.0.0
2026-06-24 11:14:05,628 [INFO] ThirdPartyPackRequestProcessor:667 - CMSIS Pack Vendor :STMicroelectronics USB_DEVICE 3.0.0
2026-06-24 11:14:05,628 [INFO] ThirdPartyPackRequestProcessor:667 - CMSIS Pack Vendor :STMicroelectronics MBEDTLS 2.16.2
2026-06-24 11:14:05,628 [INFO] ThirdPartyPackRequestProcessor:667 - CMSIS Pack Vendor :STMicroelectronics lwIP 2.0.3
2026-06-24 11:14:05,629 [INFO] ThirdPartyPackRequestProcessor:667 - CMSIS Pack Vendor :STMicroelectronics lwIP 2.1.2
2026-06-24 11:14:05,629 [INFO] ThirdPartyPackRequestProcessor:667 - CMSIS Pack Vendor :STMicroelectronics MBEDTLS 2.14.1
2026-06-24 11:14:05,629 [INFO] ThirdPartyPackRequestProcessor:667 - CMSIS Pack Vendor :STMicroelectronics USB_HOST 1.0.0
2026-06-24 11:14:05,629 [INFO] ThirdPartyPackRequestProcessor:667 - CMSIS Pack Vendor :STMicroelectronics PDM2PCM 3.1.0
2026-06-24 11:14:05,629 [INFO] ThirdPartyPackRequestProcessor:667 - CMSIS Pack Vendor :STMicroelectronics PDM2PCM 3.2.0
2026-06-24 11:14:05,629 [INFO] ThirdPartyPackRequestProcessor:667 - CMSIS Pack Vendor :STMicroelectronics USB_DEVICE 2.0.0
2026-06-24 11:14:05,629 [INFO] ThirdPartyPackRequestProcessor:667 - CMSIS Pack Vendor :STMicroelectronics PDM2PCM 3.3.0
2026-06-24 11:14:05,629 [INFO] ThirdPartyDb:299 - Save Third Party DataBase File (C:/Users/Michal/.stm32cubemx/plugins/thirdparty/db/thirdparties_db.xml) [forced]
2026-06-24 11:14:05,654 [INFO] ThirdPartyDb:299 - Save Third Party DataBase File (C:/Users/Michal/.stm32cubemx/plugins/thirdparty/db/thirdparties_db.xml) [forced]
2026-06-24 11:14:05,696 [ERROR] ThirdParty:823 - Integrity check failed: pack='C:\Users\Michal\STM32Cube\Repository\Packs\emotas\I-CUBE-CANOPEN\1.3.0\emotas.I-CUBE-CANOPEN.pdsc' / reason: PDSC version is not supported
2026-06-24 11:14:05,722 [INFO] ThirdPartyDb:299 - Save Third Party DataBase File (C:/Users/Michal/.stm32cubemx/plugins/thirdparty/db/thirdparties_db.xml) [forced]
2026-06-24 11:14:05,765 [INFO] DbMcusJson:92 - JSON generation date=Thu Jul 02 17:47:47 CEST 2020 (1593704867)
2026-06-24 11:14:05,800 [INFO] ThirdPartyDb:299 - Save Third Party DataBase File (C:/Users/Michal/.stm32cubemx/plugins/thirdparty/db/thirdparties_db.xml) [forced]
2026-06-24 11:14:05,804 [INFO] IntegrityCheckThread:76 - exiting critical section [integrity check]
2026-06-24 11:14:05,804 [INFO] IntegrityCheckThread:79 - End integrity checks thread
2026-06-24 11:14:06,961 [INFO] DbMcus:175 - Found 1761 MCUs (1722 are supported by CubeMX, 1728 are visible in CubeMX)
2026-06-24 11:14:06,962 [INFO] ApiDb:201 - Load user favorites file C:\Users\Michal/.stm32cubeide/favorites.mcus.txt: 0 item(s)
2026-06-24 11:14:06,962 [INFO] ApiDb:205 - User favorites MCUs=[]
2026-06-24 11:14:06,962 [INFO] DbMcus:187 - Set 0 / 0 favorites MCUs
2026-06-24 11:14:07,558 [INFO] LoadUrlFilesThread:162 - End of LoadServerUrlFiles without Thread
2026-06-24 11:14:07,570 [INFO] DetailPanel:331 - Set advertising image to C:/Users/Michal/STM32Cube/Repository/\stm32cubemx-promo_image.jpg
2026-06-24 11:14:08,056 [INFO] McuFilterPanel:245 - Update 0 favorites MCUs
2026-06-24 11:14:08,166 [INFO] DbBoardsPdsc:94 - Found 23 items
2026-06-24 11:14:08,168 [INFO] DbBoardsPdsc:94 - Found 9 items
2026-06-24 11:14:08,174 [INFO] DbBoardsPdsc:94 - Found 29 items
2026-06-24 11:14:08,176 [INFO] DbBoardsPdsc:94 - Found 1 items
2026-06-24 11:14:08,185 [INFO] DbBoardsPdsc:94 - Found 44 items
2026-06-24 11:14:08,199 [INFO] DbBoardsPdsc:94 - Found 40 items
2026-06-24 11:14:08,201 [INFO] DbBoardsPdsc:94 - Found 2 items
2026-06-24 11:14:08,204 [INFO] DbBoardsPdsc:94 - Found 4 items
2026-06-24 11:14:08,214 [WARN] DbBoardsPdsc:258 - Board STM32H7B3I-DK: unknown feature type=Audio, name=, username=Audio stereo codec with Headphone Amp (CS42L51-CNZ), n=1
2026-06-24 11:14:08,215 [WARN] DbBoardsPdsc:258 - Board STM32H735G-DK: unknown feature type=Audio, name=, username=Audio stereo codec with Headphone Amp (WM8994ECS/R), n=1
2026-06-24 11:14:08,217 [WARN] DbBoardsPdsc:258 - Board STM32H7B3I-EVAL: unknown feature type=Audio, name=, username=Multi-Channel Audio Codec (CS42L51-CNZ), n=1
2026-06-24 11:14:08,217 [WARN] DbBoardsPdsc:258 - Board STM32H7B3I-EVAL: unknown feature type=Meter, name=, username=Power-metering and Temperature-monitoring with sigma-delta modulators, n=1
2026-06-24 11:14:08,218 [WARN] DbBoardsPdsc:258 - Board STM32H7B3I-EVAL: unknown feature type=Motor, name=, username=Motor Control, n=1
2026-06-24 11:14:08,232 [INFO] DbBoardsJson:85 - JSON generation date=Thu Jul 02 15:35:57 CEST 2020 (1593696957)
2026-06-24 11:14:08,238 [INFO] DbBoards:117 - Found 152 boards (149 are supported by CubeMX)
2026-06-24 11:14:08,249 [INFO] DbBoardsDocs:145 - JSON generation date=Thu Jul 02 17:47:47 CEST 2020 (1593704867)
2026-06-24 11:14:08,277 [INFO] DbBoardsDocs:81 - Found 185 boards documents
2026-06-24 11:14:08,278 [WARN] DbBoards:149 - board B-G474E-DPOW1 / document id not found: 4624
2026-06-24 11:14:08,278 [WARN] DbBoards:149 - board B-G474E-DPOW1 / document id not found: 4625
2026-06-24 11:14:08,278 [WARN] DbBoards:127 - board B-L462E-CELL1 has no document id list !
2026-06-24 11:14:08,278 [WARN] DbBoards:127 - board B-L475E-IOT01A2 has no document id list !
2026-06-24 11:14:08,280 [WARN] DbBoards:127 - board NUCLEO-G491RE has no document id list !
2026-06-24 11:14:08,280 [WARN] DbBoards:127 - board NUCLEO-H723ZG has no document id list !
2026-06-24 11:14:08,280 [WARN] DbBoards:127 - board NUCLEO-H743ZI2 has no document id list !
2026-06-24 11:14:08,281 [WARN] DbBoards:127 - board NUCLEO-WB55RG has no document id list !
2026-06-24 11:14:08,281 [WARN] DbBoards:127 - board P-NUCLEO-WB55-Nucleo has no document id list !
2026-06-24 11:14:08,281 [WARN] DbBoards:127 - board P-NUCLEO-WB55-USBDongle has no document id list !
2026-06-24 11:14:08,281 [WARN] DbBoards:127 - board STEVAL-BFA001V1B has no document id list !
2026-06-24 11:14:08,281 [WARN] DbBoards:127 - board STEVAL-BFA001V2B has no document id list !
2026-06-24 11:14:08,281 [WARN] DbBoards:127 - board STEVAL-IDP005V1 has no document id list !
2026-06-24 11:14:08,281 [WARN] DbBoards:127 - board STEVAL-IDP005V2 has no document id list !
2026-06-24 11:14:08,281 [WARN] DbBoards:127 - board STEVAL-MKSBOX1V1 has no document id list !
2026-06-24 11:14:08,281 [WARN] DbBoards:127 - board STEVAL-STWINKT1 has no document id list !
2026-06-24 11:14:08,282 [WARN] DbBoards:127 - board STM32F401C-DISCO has no document id list !
2026-06-24 11:14:08,283 [WARN] DbBoards:127 - board STM32F769I-DISC1 has no document id list !
2026-06-24 11:14:08,283 [WARN] DbBoards:127 - board STM32G474E-EVAL1 has no document id list !
2026-06-24 11:14:08,284 [WARN] DbBoards:127 - board STM32H735G-DK has no document id list !
2026-06-24 11:14:08,284 [WARN] DbBoards:127 - board STM32H743I-EVAL2 has no document id list !
2026-06-24 11:14:08,284 [WARN] DbBoards:127 - board STM32H747I-DISC1 has no document id list !
2026-06-24 11:14:08,284 [WARN] DbBoards:127 - board STM32H753I-EVAL2 has no document id list !
2026-06-24 11:14:08,285 [WARN] DbBoards:127 - board STM32L-DISCOVERY has no document id list !
2026-06-24 11:14:08,285 [WARN] DbBoards:127 - board STM32MP157A-DK1 has no document id list !
2026-06-24 11:14:08,285 [WARN] DbBoards:127 - board STM32MP157F-EV1 has no document id list !
2026-06-24 11:14:08,385 [ERROR] DbBoards:192 - No image file URL for board B-L462E-CELL1
2026-06-24 11:14:10,197 [INFO] ApiDb:201 - Load user favorites file C:\Users\Michal/.stm32cubeide/favorites.boards.txt: 0 item(s)
2026-06-24 11:14:10,197 [INFO] ApiDb:205 - User favorites Boards=[]
2026-06-24 11:14:10,197 [INFO] DbBoards:206 - Set 0 / 0 favorites Boards
2026-06-24 11:14:58,668 [INFO] MainUpdater:2268 - connection check result : 10
2026-06-24 11:14:58,801 [INFO] McuFinderGlobals:40 - Set McuFinder mode to 2 (CubeIDE integrated)
2026-06-24 11:14:58,823 [INFO] CrossSelectorPresenter:1330 - Cross Selector saved comparison directory: C:\Users\Michal\.stmcufinder\plugins\mcufinder\mcu\cs_comparisons_mx
2026-06-24 11:14:58,825 [INFO] MultiScanPanel:193 - Auto-refresh data requested => check proxy status ongoing
2026-06-24 11:14:58,826 [INFO] FinderPluginLoader:87 - Searching for filters in installed packs
2026-06-24 11:14:59,170 [INFO] LoadUrlFilesThread:162 - End of LoadServerUrlFiles without Thread
2026-06-24 11:14:59,171 [INFO] DetailPanel:331 - Set advertising image to C:/Users/Michal/STM32Cube/Repository/\stm32cubemx-promo_image.jpg
2026-06-24 11:14:59,389 [INFO] McuFilterPanel:245 - Update 0 favorites MCUs
2026-06-24 11:15:45,691 [INFO] ApiDb:226 - Save user favorites file C:\Users\Michal/.stm32cubeide/favorites.mcus.txt: 0 item(s)
2026-06-24 11:15:45,692 [INFO] ApiDb:230 - User favorites MCUs=[]
2026-06-24 11:15:48,481 [INFO] ApiDb:226 - Save user favorites file C:\Users\Michal/.stm32cubeide/favorites.mcus.txt: 0 item(s)
2026-06-24 11:15:48,481 [INFO] ApiDb:230 - User favorites MCUs=[]
2026-06-24 11:16:01,416 [INFO] Activator:178 - 


2026-06-24 11:16:01,419 [INFO] Activator:179 - !SESSION log4j initialized
2026-06-24 11:16:03,967 [ERROR] ApiDbMcu:1464 - Can't use Application install path:
2026-06-24 11:16:17,704 [WARN] RulesReader:54 - Compatibility file://mcu/compatibility.xml not found
2026-06-24 11:16:57,703 [INFO] ApplicationProperties:181 - Using Application install path: E:\Programs\STM\STM32CubeIDE_1.4.0\STM32CubeIDE\plugins\com.st.stm32cube.common.mx_6.0.0.202007160824
2026-06-24 11:16:57,711 [INFO] DbMcusXml:70 - Set database path to: E:\Programs\STM\STM32CubeIDE_1.4.0\STM32CubeIDE\plugins\com.st.stm32cube.common.mx_6.0.0.202007160824\\db\/mcu/
2026-06-24 11:16:57,716 [INFO] DbBoardsPdsc:56 - Set plugin database path to: E:\Programs\STM\STM32CubeIDE_1.4.0\STM32CubeIDE\plugins\com.st.stm32cube.common.mx_6.0.0.202007160824\\db\/plugins/boardmanager/
2026-06-24 11:16:57,716 [INFO] DbMcus:258 - Set plugin images path to: E:\Programs\STM\STM32CubeIDE_1.4.0\STM32CubeIDE\plugins\com.st.stm32cube.common.mx_6.0.0.202007160824\\db\/plugins/mcufinder/images/
2026-06-24 11:16:57,717 [INFO] DbBoards:264 - Set plugin images path to: E:\Programs\STM\STM32CubeIDE_1.4.0\STM32CubeIDE\plugins\com.st.stm32cube.common.mx_6.0.0.202007160824\\db\/plugins/mcufinder/images/
2026-06-24 11:16:57,720 [INFO] DbExamples:326 - Set plugin images path to: E:\Programs\STM\STM32CubeIDE_1.4.0\STM32CubeIDE\plugins\com.st.stm32cube.common.mx_6.0.0.202007160824\\db\/plugins/mcufinder/images/
2026-06-24 11:16:57,728 [INFO] DbMcusDocs:112 - Set database path to: C:\Users\Michal\.stmcufinder\plugins\mcufinder//mcu/
2026-06-24 11:16:57,730 [INFO] DbMcusJson:63 - Set database path to: C:\Users\Michal\.stmcufinder\plugins\mcufinder//mcu/
2026-06-24 11:16:57,731 [INFO] DbBoardsDocs:112 - Set database path to: C:\Users\Michal\.stmcufinder\plugins\mcufinder//mcu/
2026-06-24 11:16:57,757 [INFO] DbBoardsJson:56 - Set database path to: C:\Users\Michal\.stmcufinder\plugins\mcufinder//mcu/
2026-06-24 11:16:57,766 [INFO] CrossReferenceDbSqlite:196 - Set database path to: C:\Users\Michal\.stmcufinder\plugins\mcufinder//mcu/cs/
2026-06-24 11:16:57,772 [INFO] DbExamplesSqlite:800 - Set database path to: C:\Users\Michal\.stmcufinder\plugins\mcufinder//mcu/
2026-06-24 11:16:57,889 [INFO] MicroXplorer:564 - Detected Java Version = 1.8.0_252
2026-06-24 11:16:57,889 [INFO] DbMcusXml:70 - Set database path to: E:\Programs\STM\STM32CubeIDE_1.4.0\STM32CubeIDE\plugins\com.st.stm32cube.common.mx_6.0.0.202007160824\\db\/mcu/
2026-06-24 11:16:57,891 [INFO] DbBoardsPdsc:56 - Set plugin database path to: E:\Programs\STM\STM32CubeIDE_1.4.0\STM32CubeIDE\plugins\com.st.stm32cube.common.mx_6.0.0.202007160824\\db\/plugins/boardmanager/
2026-06-24 11:16:57,891 [INFO] DbMcus:258 - Set plugin images path to: E:\Programs\STM\STM32CubeIDE_1.4.0\STM32CubeIDE\plugins\com.st.stm32cube.common.mx_6.0.0.202007160824\\db\/plugins/mcufinder/images/
2026-06-24 11:16:57,892 [INFO] DbBoards:264 - Set plugin images path to: E:\Programs\STM\STM32CubeIDE_1.4.0\STM32CubeIDE\plugins\com.st.stm32cube.common.mx_6.0.0.202007160824\\db\/plugins/mcufinder/images/
2026-06-24 11:16:57,892 [INFO] DbExamples:326 - Set plugin images path to: E:\Programs\STM\STM32CubeIDE_1.4.0\STM32CubeIDE\plugins\com.st.stm32cube.common.mx_6.0.0.202007160824\\db\/plugins/mcufinder/images/
2026-06-24 11:16:57,892 [WARN] DbFile:36 - Overriding database path with different value: C:\Users\Michal\.stmcufinder\plugins\mcufinder/ => C:\Users\Michal\.stmcufinder\plugins\mcufinder
2026-06-24 11:16:57,893 [INFO] DbMcusDocs:112 - Set database path to: C:\Users\Michal\.stmcufinder\plugins\mcufinder//mcu/
2026-06-24 11:16:57,893 [WARN] DbFile:36 - Overriding database path with different value: C:\Users\Michal\.stmcufinder\plugins\mcufinder/ => C:\Users\Michal\.stmcufinder\plugins\mcufinder
2026-06-24 11:16:57,893 [INFO] DbMcusJson:63 - Set database path to: C:\Users\Michal\.stmcufinder\plugins\mcufinder//mcu/
2026-06-24 11:16:57,894 [WARN] DbFile:36 - Overriding database path with different value: C:\Users\Michal\.stmcufinder\plugins\mcufinder/ => C:\Users\Michal\.stmcufinder\plugins\mcufinder
2026-06-24 11:16:57,894 [INFO] DbBoardsDocs:112 - Set database path to: C:\Users\Michal\.stmcufinder\plugins\mcufinder//mcu/
2026-06-24 11:16:57,894 [WARN] DbFile:36 - Overriding database path with different value: C:\Users\Michal\.stmcufinder\plugins\mcufinder/ => C:\Users\Michal\.stmcufinder\plugins\mcufinder
2026-06-24 11:16:57,895 [INFO] DbBoardsJson:56 - Set database path to: C:\Users\Michal\.stmcufinder\plugins\mcufinder//mcu/
2026-06-24 11:16:57,895 [WARN] DbFile:36 - Overriding database path with different value: C:\Users\Michal\.stmcufinder\plugins\mcufinder/ => C:\Users\Michal\.stmcufinder\plugins\mcufinder
2026-06-24 11:16:57,895 [WARN] DbFile:36 - Overriding database path with different value: C:\Users\Michal\.stmcufinder\plugins\mcufinder/ => C:\Users\Michal\.stmcufinder\plugins\mcufinder
2026-06-24 11:16:57,896 [INFO] CrossReferenceDbSqlite:196 - Set database path to: C:\Users\Michal\.stmcufinder\plugins\mcufinder//mcu/cs/
2026-06-24 11:16:57,896 [WARN] DbFile:36 - Overriding database path with different value: C:\Users\Michal\.stmcufinder\plugins\mcufinder/ => C:\Users\Michal\.stmcufinder\plugins\mcufinder
2026-06-24 11:16:57,896 [INFO] DbExamplesSqlite:800 - Set database path to: C:\Users\Michal\.stmcufinder\plugins\mcufinder//mcu/
2026-06-24 11:16:57,983 [INFO] MainPanel:189 - HeapMemory: 424673280
2026-06-24 11:16:58,056 [INFO] DbMcusXml:70 - Set database path to: E:\Programs\STM\STM32CubeIDE_1.4.0\STM32CubeIDE\plugins\com.st.stm32cube.common.mx_6.0.0.202007160824\\db\/mcu/
2026-06-24 11:16:58,056 [INFO] DbBoardsPdsc:56 - Set plugin database path to: E:\Programs\STM\STM32CubeIDE_1.4.0\STM32CubeIDE\plugins\com.st.stm32cube.common.mx_6.0.0.202007160824\\db\/plugins/boardmanager/
2026-06-24 11:16:58,056 [INFO] DbMcus:258 - Set plugin images path to: E:\Programs\STM\STM32CubeIDE_1.4.0\STM32CubeIDE\plugins\com.st.stm32cube.common.mx_6.0.0.202007160824\\db\/plugins/mcufinder/images/
2026-06-24 11:16:58,056 [INFO] DbBoards:264 - Set plugin images path to: E:\Programs\STM\STM32CubeIDE_1.4.0\STM32CubeIDE\plugins\com.st.stm32cube.common.mx_6.0.0.202007160824\\db\/plugins/mcufinder/images/
2026-06-24 11:16:58,057 [INFO] DbExamples:326 - Set plugin images path to: E:\Programs\STM\STM32CubeIDE_1.4.0\STM32CubeIDE\plugins\com.st.stm32cube.common.mx_6.0.0.202007160824\\db\/plugins/mcufinder/images/
2026-06-24 11:16:58,057 [WARN] DbFile:36 - Overriding database path with different value: C:\Users\Michal\.stmcufinder\plugins\mcufinder/ => C:\Users\Michal\.stmcufinder\plugins\mcufinder
2026-06-24 11:16:58,057 [INFO] DbMcusDocs:112 - Set database path to: C:\Users\Michal\.stmcufinder\plugins\mcufinder//mcu/
2026-06-24 11:16:58,058 [WARN] DbFile:36 - Overriding database path with different value: C:\Users\Michal\.stmcufinder\plugins\mcufinder/ => C:\Users\Michal\.stmcufinder\plugins\mcufinder
2026-06-24 11:16:58,058 [INFO] DbMcusJson:63 - Set database path to: C:\Users\Michal\.stmcufinder\plugins\mcufinder//mcu/
2026-06-24 11:16:58,058 [WARN] DbFile:36 - Overriding database path with different value: C:\Users\Michal\.stmcufinder\plugins\mcufinder/ => C:\Users\Michal\.stmcufinder\plugins\mcufinder
2026-06-24 11:16:58,058 [INFO] DbBoardsDocs:112 - Set database path to: C:\Users\Michal\.stmcufinder\plugins\mcufinder//mcu/
2026-06-24 11:16:58,059 [WARN] DbFile:36 - Overriding database path with different value: C:\Users\Michal\.stmcufinder\plugins\mcufinder/ => C:\Users\Michal\.stmcufinder\plugins\mcufinder
2026-06-24 11:16:58,059 [INFO] DbBoardsJson:56 - Set database path to: C:\Users\Michal\.stmcufinder\plugins\mcufinder//mcu/
2026-06-24 11:16:58,059 [WARN] DbFile:36 - Overriding database path with different value: C:\Users\Michal\.stmcufinder\plugins\mcufinder/ => C:\Users\Michal\.stmcufinder\plugins\mcufinder
2026-06-24 11:16:58,059 [WARN] DbFile:36 - Overriding database path with different value: C:\Users\Michal\.stmcufinder\plugins\mcufinder/ => C:\Users\Michal\.stmcufinder\plugins\mcufinder
2026-06-24 11:16:58,060 [INFO] CrossReferenceDbSqlite:196 - Set database path to: C:\Users\Michal\.stmcufinder\plugins\mcufinder//mcu/cs/
2026-06-24 11:16:58,060 [WARN] DbFile:36 - Overriding database path with different value: C:\Users\Michal\.stmcufinder\plugins\mcufinder/ => C:\Users\Michal\.stmcufinder\plugins\mcufinder
2026-06-24 11:16:58,060 [INFO] DbExamplesSqlite:800 - Set database path to: C:\Users\Michal\.stmcufinder\plugins\mcufinder//mcu/
2026-06-24 11:16:58,087 [INFO] ApplicationProperties:181 - Using Application install path: E:\Programs\STM\STM32CubeIDE_1.4.0\STM32CubeIDE\plugins\com.st.stm32cube.common.mx_6.0.0.202007160824
2026-06-24 11:16:58,089 [INFO] PluginManage:178 - Search for loadable plugins [exclusion list=, ]
2026-06-24 11:16:58,091 [INFO] PluginManage:292 - Check plugin analytics
2026-06-24 11:16:58,310 [INFO] AnalyticsPlugin:203 - Accepted Software Licenses: STM32CubeMX.6.17.0
2026-06-24 11:16:58,311 [INFO] AnalyticsPlugin:205 - Accepted CMSIS Pack Licenses: emotas.I-CUBE-CANOPEN.1.3.0
2026-06-24 11:16:58,312 [INFO] AnalyticsPlugin:207 - Accepted Firmware Licenses: FW.F1.1.8.7
2026-06-24 11:16:58,313 [INFO] PluginManage:342 - Loaded plugin analytics (category:tool,tabindex:-1)
2026-06-24 11:16:58,314 [INFO] PluginManage:292 - Check plugin clock
2026-06-24 11:16:58,334 [INFO] PluginManage:342 - Loaded plugin clock (category:base,tabindex:2)
2026-06-24 11:16:58,335 [INFO] PluginManage:292 - Check plugin ddr
2026-06-24 11:16:58,339 [INFO] PluginManage:342 - Loaded plugin ddr (category:tool,tabindex:6)
2026-06-24 11:16:58,340 [INFO] PluginManage:292 - Check plugin filemanager
2026-06-24 11:16:58,562 [INFO] PluginManage:342 - Loaded plugin filemanager (category:base,tabindex:10)
2026-06-24 11:16:58,562 [INFO] PluginManage:292 - Check plugin ipmanager
2026-06-24 11:16:58,576 [INFO] PluginManage:342 - Loaded plugin ipmanager (category:base,tabindex:5)
2026-06-24 11:16:58,577 [INFO] PluginManage:292 - Check plugin pinoutandconfiguration
2026-06-24 11:16:58,594 [INFO] PluginManage:342 - Loaded plugin pinoutandconfiguration (category:base,tabindex:1)
2026-06-24 11:16:58,595 [INFO] PluginManage:292 - Check plugin pinoutconfig
2026-06-24 11:16:58,636 [INFO] PluginManage:342 - Loaded plugin pinoutconfig (category:base,tabindex:0)
2026-06-24 11:16:58,636 [INFO] PluginManage:292 - Check plugin power
2026-06-24 11:16:58,668 [INFO] PluginManage:342 - Loaded plugin power (category:power,tabindex:4)
2026-06-24 11:16:58,669 [INFO] PluginManage:292 - Check plugin projectmanager
2026-06-24 11:16:58,688 [INFO] PluginManage:342 - Loaded plugin projectmanager (category:projectmanager,tabindex:3)
2026-06-24 11:16:58,689 [INFO] PluginManage:292 - Check plugin thirdparty
2026-06-24 11:16:58,751 [INFO] ThirdPartyDb:333 - Open Third Party DataBase File (C:/Users/Michal/.stm32cubemx/plugins/thirdparty/db/thirdparties_db.xml) : 30 ms. number of Sw pack : 14
2026-06-24 11:16:58,757 [INFO] PluginManage:342 - Loaded plugin thirdparty (category:base,tabindex:-1)
2026-06-24 11:16:58,758 [INFO] PluginManage:292 - Check plugin tools
2026-06-24 11:16:58,761 [INFO] PluginManage:342 - Loaded plugin tools (category:base,tabindex:7)
2026-06-24 11:16:58,761 [INFO] PluginManage:292 - Check plugin tutovideos
2026-06-24 11:16:59,022 [INFO] PluginManage:342 - Loaded plugin tutovideos (category:base,tabindex:-1)
2026-06-24 11:16:59,023 [INFO] PluginManage:292 - Check plugin updater
2026-06-24 11:16:59,039 [INFO] PluginManage:342 - Loaded plugin updater (category:base,tabindex:12)
2026-06-24 11:16:59,040 [INFO] PluginManage:265 - PluginManage : Loaded plugins [13]
2026-06-24 11:16:59,275 [INFO] PinOutPanel:1418 - setPackage(No Configuration,No Configuration)
2026-06-24 11:16:59,395 [INFO] IPUIPlugin:64 - create IPUIPlugin
2026-06-24 11:16:59,395 [INFO] PluginManager:200 - loadIPPluginJar : add adc
2026-06-24 11:16:59,398 [INFO] IPUIPlugin:64 - create IPUIPlugin
2026-06-24 11:16:59,399 [INFO] PluginManager:200 - loadIPPluginJar : add aes
2026-06-24 11:16:59,402 [INFO] IPUIPlugin:64 - create IPUIPlugin
2026-06-24 11:16:59,402 [INFO] PluginManager:200 - loadIPPluginJar : add can
2026-06-24 11:16:59,405 [INFO] IPUIPlugin:64 - create IPUIPlugin
2026-06-24 11:16:59,405 [INFO] PluginManager:200 - loadIPPluginJar : add comp
2026-06-24 11:16:59,408 [INFO] IPUIPlugin:64 - create IPUIPlugin
2026-06-24 11:16:59,408 [INFO] PluginManager:200 - loadIPPluginJar : add cryp
2026-06-24 11:16:59,412 [INFO] IPUIPlugin:64 - create IPUIPlugin
2026-06-24 11:16:59,412 [INFO] PluginManager:200 - loadIPPluginJar : add dfsdm
2026-06-24 11:16:59,419 [INFO] IPUIPlugin:64 - create IPUIPlugin
2026-06-24 11:16:59,421 [INFO] PluginManager:200 - loadIPPluginJar : add dma
2026-06-24 11:16:59,423 [INFO] IPUIPlugin:64 - create IPUIPlugin
2026-06-24 11:16:59,423 [INFO] PluginManager:200 - loadIPPluginJar : add fatfs
2026-06-24 11:16:59,430 [INFO] IPUIPlugin:64 - create IPUIPlugin
2026-06-24 11:16:59,431 [INFO] PluginManager:200 - loadIPPluginJar : add fmc
2026-06-24 11:16:59,440 [INFO] IPUIPlugin:64 - create IPUIPlugin
2026-06-24 11:16:59,441 [INFO] PluginManager:200 - loadIPPluginJar : add freertos
2026-06-24 11:16:59,443 [INFO] IPUIPlugin:64 - create IPUIPlugin
2026-06-24 11:16:59,444 [INFO] PluginManager:200 - loadIPPluginJar : add genericplugin
2026-06-24 11:16:59,447 [INFO] IPUIPlugin:64 - create IPUIPlugin
2026-06-24 11:16:59,447 [INFO] PluginManager:200 - loadIPPluginJar : add gfxmmu
2026-06-24 11:16:59,453 [INFO] IPUIPlugin:64 - create IPUIPlugin
2026-06-24 11:16:59,454 [INFO] PluginManager:200 - loadIPPluginJar : add gic
2026-06-24 11:16:59,460 [INFO] IPUIPlugin:64 - create IPUIPlugin
2026-06-24 11:16:59,460 [INFO] PluginManager:200 - loadIPPluginJar : add gpio
2026-06-24 11:16:59,463 [INFO] IPUIPlugin:64 - create IPUIPlugin
2026-06-24 11:16:59,463 [INFO] PluginManager:200 - loadIPPluginJar : add gtzc
2026-06-24 11:16:59,466 [INFO] IPUIPlugin:64 - create IPUIPlugin
2026-06-24 11:16:59,466 [INFO] PluginManager:200 - loadIPPluginJar : add hash
2026-06-24 11:16:59,469 [INFO] IPUIPlugin:64 - create IPUIPlugin
2026-06-24 11:16:59,469 [INFO] PluginManager:200 - loadIPPluginJar : add i2c
2026-06-24 11:16:59,474 [INFO] IPUIPlugin:64 - create IPUIPlugin
2026-06-24 11:16:59,474 [INFO] PluginManager:200 - loadIPPluginJar : add i2s
2026-06-24 11:16:59,479 [INFO] IPUIPlugin:64 - create IPUIPlugin
2026-06-24 11:16:59,479 [INFO] PluginManager:200 - loadIPPluginJar : add ipddr
2026-06-24 11:16:59,481 [INFO] IPUIPlugin:64 - create IPUIPlugin
2026-06-24 11:16:59,481 [INFO] PluginManager:200 - loadIPPluginJar : add ltdc
2026-06-24 11:16:59,486 [INFO] IPUIPlugin:64 - create IPUIPlugin
2026-06-24 11:16:59,487 [INFO] PluginManager:200 - loadIPPluginJar : add mdma
2026-06-24 11:16:59,491 [INFO] IPUIPlugin:64 - create IPUIPlugin
2026-06-24 11:16:59,492 [INFO] PluginManager:200 - loadIPPluginJar : add nvic
2026-06-24 11:16:59,496 [INFO] IPUIPlugin:64 - create IPUIPlugin
2026-06-24 11:16:59,496 [INFO] PluginManager:200 - loadIPPluginJar : add opamp
2026-06-24 11:16:59,499 [INFO] IPUIPlugin:64 - create IPUIPlugin
2026-06-24 11:16:59,500 [INFO] PluginManager:200 - loadIPPluginJar : add openamp
2026-06-24 11:16:59,504 [INFO] IPUIPlugin:64 - create IPUIPlugin
2026-06-24 11:16:59,504 [INFO] PluginManager:200 - loadIPPluginJar : add pdm2pcm
2026-06-24 11:16:59,511 [INFO] IPUIPlugin:64 - create IPUIPlugin
2026-06-24 11:16:59,515 [INFO] PluginManager:200 - loadIPPluginJar : add plateformsettings
2026-06-24 11:16:59,518 [INFO] IPUIPlugin:64 - create IPUIPlugin
2026-06-24 11:16:59,518 [INFO] PluginManager:200 - loadIPPluginJar : add quadspi
2026-06-24 11:16:59,525 [INFO] IPUIPlugin:64 - create IPUIPlugin
2026-06-24 11:16:59,525 [INFO] PluginManager:200 - loadIPPluginJar : add resmgrutility
2026-06-24 11:16:59,530 [INFO] IPUIPlugin:64 - create IPUIPlugin
2026-06-24 11:16:59,530 [INFO] PluginManager:200 - loadIPPluginJar : add sai
2026-06-24 11:16:59,551 [INFO] IPUIPlugin:64 - create IPUIPlugin
2026-06-24 11:16:59,551 [INFO] PluginManager:200 - loadIPPluginJar : add spi
2026-06-24 11:16:59,557 [INFO] IPUIPlugin:64 - create IPUIPlugin
2026-06-24 11:16:59,558 [INFO] PluginManager:200 - loadIPPluginJar : add stm32_wpan
2026-06-24 11:16:59,561 [INFO] IPUIPlugin:64 - create IPUIPlugin
2026-06-24 11:16:59,561 [INFO] PluginManager:200 - loadIPPluginJar : add tim
2026-06-24 11:16:59,565 [INFO] IPUIPlugin:64 - create IPUIPlugin
2026-06-24 11:16:59,566 [INFO] PluginManager:200 - loadIPPluginJar : add touchsensing
2026-06-24 11:16:59,568 [INFO] IPUIPlugin:64 - create IPUIPlugin
2026-06-24 11:16:59,569 [INFO] PluginManager:200 - loadIPPluginJar : add tracer_emb
2026-06-24 11:16:59,572 [INFO] IPUIPlugin:64 - create IPUIPlugin
2026-06-24 11:16:59,573 [INFO] PluginManager:200 - loadIPPluginJar : add ts
2026-06-24 11:16:59,576 [INFO] IPUIPlugin:64 - create IPUIPlugin
2026-06-24 11:16:59,576 [INFO] PluginManager:200 - loadIPPluginJar : add tsc
2026-06-24 11:16:59,580 [INFO] IPUIPlugin:64 - create IPUIPlugin
2026-06-24 11:16:59,580 [INFO] PluginManager:200 - loadIPPluginJar : add ucpd
2026-06-24 11:16:59,585 [INFO] IPUIPlugin:64 - create IPUIPlugin
2026-06-24 11:16:59,585 [INFO] PluginManager:200 - loadIPPluginJar : add usart
2026-06-24 11:17:01,055 [INFO] CubeProgrammer:457 - [DDR PANEL] - PathOfProgrammer: null
2026-06-24 11:17:02,001 [FATAL] Updater:282 - Updater called before beeing initialized
2026-06-24 11:17:02,218 [FATAL] Updater:282 - Updater called before beeing initialized
2026-06-24 11:17:02,219 [WARN] ThirdParty:775 - waiting for thirdparty lock release [close project]
2026-06-24 11:17:02,219 [INFO] ThirdParty:777 - entering critical section [close project]
2026-06-24 11:17:02,221 [INFO] ThirdParty:790 - exiting critical section [close project]
2026-06-24 11:17:02,225 [INFO] PinOutPanel:1418 - setPackage(No Configuration,No Configuration)
2026-06-24 11:17:02,225 [FATAL] Updater:282 - Updater called before beeing initialized
2026-06-24 11:17:02,231 [ERROR] Updater:967 - MainUpdater not yet initialized. External WinMGr cannot be set.
2026-06-24 11:17:02,233 [INFO] CubeProgrammer:457 - [DDR PANEL] - PathOfProgrammer: E:\Programs\STM\STM32CubeIDE_1.4.0\STM32CubeIDE\plugins\com.st.stm32cube.ide.mcu.externaltools.cubeprogrammer.win32_1.4.0.202007081208\tools\bin
2026-06-24 11:17:02,238 [INFO] ProgrammerExecThread:148 - [ProgrammerAPI] CubeProgrammer command construction: E:\Programs\STM\STM32CubeIDE_1.4.0\STM32CubeIDE\plugins\com.st.stm32cube.ide.mcu.externaltools.cubeprogrammer.win32_1.4.0.202007081208\tools\bin\STM32_Programmer_CLI.exe -l
2026-06-24 11:17:02,456 [INFO] MainDdrPanel:49 - [DDR PANEL] SETTER - Set cubeProgrammerPath to: E:\Programs\STM\STM32CubeIDE_1.4.0\STM32CubeIDE\plugins\com.st.stm32cube.ide.mcu.externaltools.cubeprogrammer.win32_1.4.0.202007081208\tools\bin
2026-06-24 11:17:02,479 [INFO] Updater:904 - Updater Version found : 6.0.0
2026-06-24 11:17:02,510 [INFO] ApplicationProperties:181 - Using Application install path: E:\Programs\STM\STM32CubeIDE_1.4.0\STM32CubeIDE\plugins\com.st.stm32cube.common.mx_6.0.0.202007160824
2026-06-24 11:17:03,005 [INFO] MainUpdater:2268 - connection check result : 10
2026-06-24 11:17:03,006 [INFO] MainUpdater:239 - Updater Check For Update Now.
2026-06-24 11:17:03,007 [INFO] MicroXplorer:414 - Change Database Version : DB.6.0.0
2026-06-24 11:17:03,124 [INFO] CheckServerUpdateThread:102 - End of CheckServer Thread
2026-06-24 11:17:03,127 [INFO] MainUpdater:2268 - connection check result : 10
2026-06-24 11:17:03,216 [INFO] MainUpdater:2268 - connection check result : 10
2026-06-24 11:17:03,461 [INFO] McuFinderGlobals:40 - Set McuFinder mode to 2 (CubeIDE integrated)
2026-06-24 11:17:03,846 [INFO] CrossSelectorPresenter:1330 - Cross Selector saved comparison directory: C:\Users\Michal\.stmcufinder\plugins\mcufinder\mcu\cs_comparisons_mx
2026-06-24 11:17:03,854 [INFO] MultiScanPanel:193 - Auto-refresh data requested => check proxy status ongoing
2026-06-24 11:17:03,858 [INFO] FinderPluginLoader:87 - Searching for filters in installed packs
2026-06-24 11:17:03,861 [INFO] DbMcusXml:100 - Load MCU database from E:\Programs\STM\STM32CubeIDE_1.4.0\STM32CubeIDE\plugins\com.st.stm32cube.common.mx_6.0.0.202007160824\\db\/mcu/families.xml
2026-06-24 11:17:04,774 [WARN] IntegrityCheckThread:61 - waiting for thirdparty lock release [integrity check]
2026-06-24 11:17:04,774 [INFO] IntegrityCheckThread:63 - entering critical section [integrity check]
2026-06-24 11:17:04,839 [INFO] ThirdPartyDb:299 - Save Third Party DataBase File (C:/Users/Michal/.stm32cubemx/plugins/thirdparty/db/thirdparties_db.xml) [forced]
2026-06-24 11:17:04,888 [WARN] XmlIntegratedPack:130 - No IP in current MCU
2026-06-24 11:17:04,888 [WARN] XmlIntegratedPack:130 - No IP in current MCU
2026-06-24 11:17:04,888 [WARN] XmlIntegratedPack:130 - No IP in current MCU
2026-06-24 11:17:04,888 [WARN] XmlIntegratedPack:130 - No IP in current MCU
2026-06-24 11:17:04,888 [WARN] XmlIntegratedPack:130 - No IP in current MCU
2026-06-24 11:17:04,889 [WARN] XmlIntegratedPack:130 - No IP in current MCU
2026-06-24 11:17:04,889 [WARN] XmlIntegratedPack:130 - No IP in current MCU
2026-06-24 11:17:04,889 [WARN] XmlIntegratedPack:130 - No IP in current MCU
2026-06-24 11:17:04,889 [WARN] XmlIntegratedPack:130 - No IP in current MCU
2026-06-24 11:17:04,889 [WARN] XmlIntegratedPack:130 - No IP in current MCU
2026-06-24 11:17:04,889 [WARN] XmlIntegratedPack:130 - No IP in current MCU
2026-06-24 11:17:04,889 [WARN] XmlIntegratedPack:130 - No IP in current MCU
2026-06-24 11:17:04,889 [WARN] XmlIntegratedPack:130 - No IP in current MCU
2026-06-24 11:17:04,890 [INFO] ThirdPartyDb:299 - Save Third Party DataBase File (C:/Users/Michal/.stm32cubemx/plugins/thirdparty/db/thirdparties_db.xml) [forced]
2026-06-24 11:17:04,897 [INFO] ThirdPartyPackRequestProcessor:667 - CMSIS Pack Vendor :STMicroelectronics USB_HOST 2.0.0
2026-06-24 11:17:04,897 [INFO] ThirdPartyPackRequestProcessor:667 - CMSIS Pack Vendor :emotas I-CUBE-CANOPEN 1.1.3
2026-06-24 11:17:04,897 [INFO] ThirdPartyPackRequestProcessor:667 - CMSIS Pack Vendor :STMicroelectronics FreeRTOS 0.0.1
2026-06-24 11:17:04,897 [INFO] ThirdPartyPackRequestProcessor:667 - CMSIS Pack Vendor :STMicroelectronics USB_DEVICE 1.0.0
2026-06-24 11:17:04,897 [INFO] ThirdPartyPackRequestProcessor:667 - CMSIS Pack Vendor :STMicroelectronics USB_DEVICE 3.0.0
2026-06-24 11:17:04,898 [INFO] ThirdPartyPackRequestProcessor:667 - CMSIS Pack Vendor :STMicroelectronics MBEDTLS 2.16.2
2026-06-24 11:17:04,898 [INFO] ThirdPartyPackRequestProcessor:667 - CMSIS Pack Vendor :STMicroelectronics lwIP 2.0.3
2026-06-24 11:17:04,898 [INFO] ThirdPartyPackRequestProcessor:667 - CMSIS Pack Vendor :STMicroelectronics lwIP 2.1.2
2026-06-24 11:17:04,898 [INFO] ThirdPartyPackRequestProcessor:667 - CMSIS Pack Vendor :STMicroelectronics MBEDTLS 2.14.1
2026-06-24 11:17:04,898 [INFO] ThirdPartyPackRequestProcessor:667 - CMSIS Pack Vendor :STMicroelectronics USB_HOST 1.0.0
2026-06-24 11:17:04,898 [INFO] ThirdPartyPackRequestProcessor:667 - CMSIS Pack Vendor :STMicroelectronics PDM2PCM 3.1.0
2026-06-24 11:17:04,898 [INFO] ThirdPartyPackRequestProcessor:667 - CMSIS Pack Vendor :STMicroelectronics PDM2PCM 3.2.0
2026-06-24 11:17:04,898 [INFO] ThirdPartyPackRequestProcessor:667 - CMSIS Pack Vendor :STMicroelectronics USB_DEVICE 2.0.0
2026-06-24 11:17:04,898 [INFO] ThirdPartyPackRequestProcessor:667 - CMSIS Pack Vendor :STMicroelectronics PDM2PCM 3.3.0
2026-06-24 11:17:04,899 [INFO] ThirdPartyDb:299 - Save Third Party DataBase File (C:/Users/Michal/.stm32cubemx/plugins/thirdparty/db/thirdparties_db.xml) [forced]
2026-06-24 11:17:04,983 [INFO] ThirdPartyDb:299 - Save Third Party DataBase File (C:/Users/Michal/.stm32cubemx/plugins/thirdparty/db/thirdparties_db.xml) [forced]
2026-06-24 11:17:04,989 [ERROR] ThirdParty:823 - Integrity check failed: pack='C:\Users\Michal\STM32Cube\Repository\Packs\emotas\I-CUBE-CANOPEN\1.3.0\emotas.I-CUBE-CANOPEN.pdsc' / reason: PDSC version is not supported
2026-06-24 11:17:05,025 [INFO] ThirdPartyDb:299 - Save Third Party DataBase File (C:/Users/Michal/.stm32cubemx/plugins/thirdparty/db/thirdparties_db.xml) [forced]
2026-06-24 11:17:05,057 [INFO] DbMcusJson:92 - JSON generation date=Thu Jul 02 17:47:47 CEST 2020 (1593704867)
2026-06-24 11:17:05,077 [INFO] ThirdPartyDb:299 - Save Third Party DataBase File (C:/Users/Michal/.stm32cubemx/plugins/thirdparty/db/thirdparties_db.xml) [forced]
2026-06-24 11:17:05,082 [INFO] IntegrityCheckThread:76 - exiting critical section [integrity check]
2026-06-24 11:17:05,082 [INFO] IntegrityCheckThread:79 - End integrity checks thread
2026-06-24 11:17:05,971 [INFO] DbMcus:175 - Found 1761 MCUs (1722 are supported by CubeMX, 1728 are visible in CubeMX)
2026-06-24 11:17:05,972 [INFO] ApiDb:201 - Load user favorites file C:\Users\Michal/.stm32cubeide/favorites.mcus.txt: 0 item(s)
2026-06-24 11:17:05,972 [INFO] ApiDb:205 - User favorites MCUs=[]
2026-06-24 11:17:05,972 [INFO] DbMcus:187 - Set 0 / 0 favorites MCUs
2026-06-24 11:17:06,566 [INFO] LoadUrlFilesThread:162 - End of LoadServerUrlFiles without Thread
2026-06-24 11:17:06,579 [INFO] DetailPanel:331 - Set advertising image to C:/Users/Michal/STM32Cube/Repository/\stm32cubemx-promo_image.jpg
2026-06-24 11:17:07,005 [INFO] McuFilterPanel:245 - Update 0 favorites MCUs
2026-06-24 11:17:07,076 [INFO] DbBoardsPdsc:94 - Found 23 items
2026-06-24 11:17:07,079 [INFO] DbBoardsPdsc:94 - Found 9 items
2026-06-24 11:17:07,084 [INFO] DbBoardsPdsc:94 - Found 29 items
2026-06-24 11:17:07,087 [INFO] DbBoardsPdsc:94 - Found 1 items
2026-06-24 11:17:07,094 [INFO] DbBoardsPdsc:94 - Found 44 items
2026-06-24 11:17:07,104 [INFO] DbBoardsPdsc:94 - Found 40 items
2026-06-24 11:17:07,106 [INFO] DbBoardsPdsc:94 - Found 2 items
2026-06-24 11:17:07,109 [INFO] DbBoardsPdsc:94 - Found 4 items
2026-06-24 11:17:07,118 [WARN] DbBoardsPdsc:258 - Board STM32H7B3I-DK: unknown feature type=Audio, name=, username=Audio stereo codec with Headphone Amp (CS42L51-CNZ), n=1
2026-06-24 11:17:07,119 [WARN] DbBoardsPdsc:258 - Board STM32H735G-DK: unknown feature type=Audio, name=, username=Audio stereo codec with Headphone Amp (WM8994ECS/R), n=1
2026-06-24 11:17:07,121 [WARN] DbBoardsPdsc:258 - Board STM32H7B3I-EVAL: unknown feature type=Audio, name=, username=Multi-Channel Audio Codec (CS42L51-CNZ), n=1
2026-06-24 11:17:07,121 [WARN] DbBoardsPdsc:258 - Board STM32H7B3I-EVAL: unknown feature type=Meter, name=, username=Power-metering and Temperature-monitoring with sigma-delta modulators, n=1
2026-06-24 11:17:07,122 [WARN] DbBoardsPdsc:258 - Board STM32H7B3I-EVAL: unknown feature type=Motor, name=, username=Motor Control, n=1
2026-06-24 11:17:07,168 [INFO] DbBoardsJson:85 - JSON generation date=Thu Jul 02 15:35:57 CEST 2020 (1593696957)
2026-06-24 11:17:07,177 [INFO] DbBoards:117 - Found 152 boards (149 are supported by CubeMX)
2026-06-24 11:17:07,190 [INFO] DbBoardsDocs:145 - JSON generation date=Thu Jul 02 17:47:47 CEST 2020 (1593704867)
2026-06-24 11:17:07,226 [INFO] DbBoardsDocs:81 - Found 185 boards documents
2026-06-24 11:17:07,226 [WARN] DbBoards:149 - board B-G474E-DPOW1 / document id not found: 4624
2026-06-24 11:17:07,226 [WARN] DbBoards:149 - board B-G474E-DPOW1 / document id not found: 4625
2026-06-24 11:17:07,227 [WARN] DbBoards:127 - board B-L462E-CELL1 has no document id list !
2026-06-24 11:17:07,227 [WARN] DbBoards:127 - board B-L475E-IOT01A2 has no document id list !
2026-06-24 11:17:07,228 [WARN] DbBoards:127 - board NUCLEO-G491RE has no document id list !
2026-06-24 11:17:07,229 [WARN] DbBoards:127 - board NUCLEO-H723ZG has no document id list !
2026-06-24 11:17:07,229 [WARN] DbBoards:127 - board NUCLEO-H743ZI2 has no document id list !
2026-06-24 11:17:07,230 [WARN] DbBoards:127 - board NUCLEO-WB55RG has no document id list !
2026-06-24 11:17:07,230 [WARN] DbBoards:127 - board P-NUCLEO-WB55-Nucleo has no document id list !
2026-06-24 11:17:07,231 [WARN] DbBoards:127 - board P-NUCLEO-WB55-USBDongle has no document id list !
2026-06-24 11:17:07,231 [WARN] DbBoards:127 - board STEVAL-BFA001V1B has no document id list !
2026-06-24 11:17:07,231 [WARN] DbBoards:127 - board STEVAL-BFA001V2B has no document id list !
2026-06-24 11:17:07,231 [WARN] DbBoards:127 - board STEVAL-IDP005V1 has no document id list !
2026-06-24 11:17:07,231 [WARN] DbBoards:127 - board STEVAL-IDP005V2 has no document id list !
2026-06-24 11:17:07,231 [WARN] DbBoards:127 - board STEVAL-MKSBOX1V1 has no document id list !
2026-06-24 11:17:07,231 [WARN] DbBoards:127 - board STEVAL-STWINKT1 has no document id list !
2026-06-24 11:17:07,232 [WARN] DbBoards:127 - board STM32F401C-DISCO has no document id list !
2026-06-24 11:17:07,233 [WARN] DbBoards:127 - board STM32F769I-DISC1 has no document id list !
2026-06-24 11:17:07,233 [WARN] DbBoards:127 - board STM32G474E-EVAL1 has no document id list !
2026-06-24 11:17:07,234 [WARN] DbBoards:127 - board STM32H735G-DK has no document id list !
2026-06-24 11:17:07,234 [WARN] DbBoards:127 - board STM32H743I-EVAL2 has no document id list !
2026-06-24 11:17:07,234 [WARN] DbBoards:127 - board STM32H747I-DISC1 has no document id list !
2026-06-24 11:17:07,235 [WARN] DbBoards:127 - board STM32H753I-EVAL2 has no document id list !
2026-06-24 11:17:07,235 [WARN] DbBoards:127 - board STM32L-DISCOVERY has no document id list !
2026-06-24 11:17:07,236 [WARN] DbBoards:127 - board STM32MP157A-DK1 has no document id list !
2026-06-24 11:17:07,236 [WARN] DbBoards:127 - board STM32MP157F-EV1 has no document id list !
2026-06-24 11:17:07,425 [ERROR] DbBoards:192 - No image file URL for board B-L462E-CELL1
2026-06-24 11:17:09,536 [INFO] ApiDb:201 - Load user favorites file C:\Users\Michal/.stm32cubeide/favorites.boards.txt: 0 item(s)
2026-06-24 11:17:09,537 [INFO] ApiDb:205 - User favorites Boards=[]
2026-06-24 11:17:09,537 [INFO] DbBoards:206 - Set 0 / 0 favorites Boards
2026-06-24 11:17:10,028 [INFO] McuFinderGlobals:40 - Set McuFinder mode to 2 (CubeIDE integrated)
2026-06-24 11:17:10,057 [INFO] CrossSelectorPresenter:1330 - Cross Selector saved comparison directory: C:\Users\Michal\.stmcufinder\plugins\mcufinder\mcu\cs_comparisons_mx
2026-06-24 11:17:10,063 [INFO] MultiScanPanel:193 - Auto-refresh data requested => check proxy status ongoing
2026-06-24 11:17:10,063 [INFO] FinderPluginLoader:87 - Searching for filters in installed packs
2026-06-24 11:17:10,415 [INFO] LoadUrlFilesThread:162 - End of LoadServerUrlFiles without Thread
2026-06-24 11:17:10,415 [INFO] DetailPanel:331 - Set advertising image to C:/Users/Michal/STM32Cube/Repository/\stm32cubemx-promo_image.jpg
2026-06-24 11:17:10,655 [INFO] McuFilterPanel:245 - Update 0 favorites MCUs
2026-06-24 11:17:54,959 [INFO] MainUpdater:2268 - connection check result : 10
2026-06-24 11:17:55,084 [INFO] McuFinderGlobals:40 - Set McuFinder mode to 2 (CubeIDE integrated)
2026-06-24 11:17:55,107 [INFO] CrossSelectorPresenter:1330 - Cross Selector saved comparison directory: C:\Users\Michal\.stmcufinder\plugins\mcufinder\mcu\cs_comparisons_mx
2026-06-24 11:17:55,110 [INFO] MultiScanPanel:193 - Auto-refresh data requested => check proxy status ongoing
2026-06-24 11:17:55,110 [INFO] FinderPluginLoader:87 - Searching for filters in installed packs
2026-06-24 11:17:55,368 [INFO] LoadUrlFilesThread:162 - End of LoadServerUrlFiles without Thread
2026-06-24 11:17:55,369 [INFO] DetailPanel:331 - Set advertising image to C:/Users/Michal/STM32Cube/Repository/\stm32cubemx-promo_image.jpg
2026-06-24 11:17:55,580 [INFO] McuFilterPanel:245 - Update 0 favorites MCUs
2026-06-24 11:18:29,418 [INFO] ApiDb:226 - Save user favorites file C:\Users\Michal/.stm32cubeide/favorites.mcus.txt: 0 item(s)
2026-06-24 11:18:29,419 [INFO] ApiDb:230 - User favorites MCUs=[]
2026-06-24 11:18:32,059 [INFO] ApiDb:226 - Save user favorites file C:\Users\Michal/.stm32cubeide/favorites.mcus.txt: 0 item(s)
2026-06-24 11:18:32,059 [INFO] ApiDb:230 - User favorites MCUs=[]
2026-06-24 11:18:33,979 [INFO] ApiDb:226 - Save user favorites file C:\Users\Michal/.stm32cubeide/favorites.mcus.txt: 0 item(s)
2026-06-24 11:18:33,979 [INFO] ApiDb:230 - User favorites MCUs=[]
2026-06-24 11:18:45,962 [INFO] Activator:178 - 


2026-06-24 11:18:45,967 [INFO] Activator:179 - !SESSION log4j initialized
2026-06-24 11:18:47,767 [ERROR] ApiDbMcu:1464 - Can't use Application install path:
2026-06-24 11:19:01,541 [WARN] RulesReader:54 - Compatibility file://mcu/compatibility.xml not found
2026-06-24 11:19:25,596 [INFO] ApplicationProperties:181 - Using Application install path: E:\Programs\STM\STM32CubeIDE_1.4.0\STM32CubeIDE\plugins\com.st.stm32cube.common.mx_6.0.0.202007160824
2026-06-24 11:19:25,604 [INFO] DbMcusXml:70 - Set database path to: E:\Programs\STM\STM32CubeIDE_1.4.0\STM32CubeIDE\plugins\com.st.stm32cube.common.mx_6.0.0.202007160824\\db\/mcu/
2026-06-24 11:19:25,609 [INFO] DbBoardsPdsc:56 - Set plugin database path to: E:\Programs\STM\STM32CubeIDE_1.4.0\STM32CubeIDE\plugins\com.st.stm32cube.common.mx_6.0.0.202007160824\\db\/plugins/boardmanager/
2026-06-24 11:19:25,609 [INFO] DbMcus:258 - Set plugin images path to: E:\Programs\STM\STM32CubeIDE_1.4.0\STM32CubeIDE\plugins\com.st.stm32cube.common.mx_6.0.0.202007160824\\db\/plugins/mcufinder/images/
2026-06-24 11:19:25,610 [INFO] DbBoards:264 - Set plugin images path to: E:\Programs\STM\STM32CubeIDE_1.4.0\STM32CubeIDE\plugins\com.st.stm32cube.common.mx_6.0.0.202007160824\\db\/plugins/mcufinder/images/
2026-06-24 11:19:25,614 [INFO] DbExamples:326 - Set plugin images path to: E:\Programs\STM\STM32CubeIDE_1.4.0\STM32CubeIDE\plugins\com.st.stm32cube.common.mx_6.0.0.202007160824\\db\/plugins/mcufinder/images/
2026-06-24 11:19:25,621 [INFO] DbMcusDocs:112 - Set database path to: C:\Users\Michal\.stmcufinder\plugins\mcufinder//mcu/
2026-06-24 11:19:25,624 [INFO] DbMcusJson:63 - Set database path to: C:\Users\Michal\.stmcufinder\plugins\mcufinder//mcu/
2026-06-24 11:19:25,626 [INFO] DbBoardsDocs:112 - Set database path to: C:\Users\Michal\.stmcufinder\plugins\mcufinder//mcu/
2026-06-24 11:19:25,628 [INFO] DbBoardsJson:56 - Set database path to: C:\Users\Michal\.stmcufinder\plugins\mcufinder//mcu/
2026-06-24 11:19:25,642 [INFO] CrossReferenceDbSqlite:196 - Set database path to: C:\Users\Michal\.stmcufinder\plugins\mcufinder//mcu/cs/
2026-06-24 11:19:25,648 [INFO] DbExamplesSqlite:800 - Set database path to: C:\Users\Michal\.stmcufinder\plugins\mcufinder//mcu/
2026-06-24 11:19:25,835 [INFO] MicroXplorer:564 - Detected Java Version = 1.8.0_252
2026-06-24 11:19:25,836 [INFO] DbMcusXml:70 - Set database path to: E:\Programs\STM\STM32CubeIDE_1.4.0\STM32CubeIDE\plugins\com.st.stm32cube.common.mx_6.0.0.202007160824\\db\/mcu/
2026-06-24 11:19:25,837 [INFO] DbBoardsPdsc:56 - Set plugin database path to: E:\Programs\STM\STM32CubeIDE_1.4.0\STM32CubeIDE\plugins\com.st.stm32cube.common.mx_6.0.0.202007160824\\db\/plugins/boardmanager/
2026-06-24 11:19:25,837 [INFO] DbMcus:258 - Set plugin images path to: E:\Programs\STM\STM32CubeIDE_1.4.0\STM32CubeIDE\plugins\com.st.stm32cube.common.mx_6.0.0.202007160824\\db\/plugins/mcufinder/images/
2026-06-24 11:19:25,838 [INFO] DbBoards:264 - Set plugin images path to: E:\Programs\STM\STM32CubeIDE_1.4.0\STM32CubeIDE\plugins\com.st.stm32cube.common.mx_6.0.0.202007160824\\db\/plugins/mcufinder/images/
2026-06-24 11:19:25,838 [INFO] DbExamples:326 - Set plugin images path to: E:\Programs\STM\STM32CubeIDE_1.4.0\STM32CubeIDE\plugins\com.st.stm32cube.common.mx_6.0.0.202007160824\\db\/plugins/mcufinder/images/
2026-06-24 11:19:25,838 [WARN] DbFile:36 - Overriding database path with different value: C:\Users\Michal\.stmcufinder\plugins\mcufinder/ => C:\Users\Michal\.stmcufinder\plugins\mcufinder
2026-06-24 11:19:25,838 [INFO] DbMcusDocs:112 - Set database path to: C:\Users\Michal\.stmcufinder\plugins\mcufinder//mcu/
2026-06-24 11:19:25,839 [WARN] DbFile:36 - Overriding database path with different value: C:\Users\Michal\.stmcufinder\plugins\mcufinder/ => C:\Users\Michal\.stmcufinder\plugins\mcufinder
2026-06-24 11:19:25,839 [INFO] DbMcusJson:63 - Set database path to: C:\Users\Michal\.stmcufinder\plugins\mcufinder//mcu/
2026-06-24 11:19:25,839 [WARN] DbFile:36 - Overriding database path with different value: C:\Users\Michal\.stmcufinder\plugins\mcufinder/ => C:\Users\Michal\.stmcufinder\plugins\mcufinder
2026-06-24 11:19:25,839 [INFO] DbBoardsDocs:112 - Set database path to: C:\Users\Michal\.stmcufinder\plugins\mcufinder//mcu/
2026-06-24 11:19:25,839 [WARN] DbFile:36 - Overriding database path with different value: C:\Users\Michal\.stmcufinder\plugins\mcufinder/ => C:\Users\Michal\.stmcufinder\plugins\mcufinder
2026-06-24 11:19:25,840 [INFO] DbBoardsJson:56 - Set database path to: C:\Users\Michal\.stmcufinder\plugins\mcufinder//mcu/
2026-06-24 11:19:25,840 [WARN] DbFile:36 - Overriding database path with different value: C:\Users\Michal\.stmcufinder\plugins\mcufinder/ => C:\Users\Michal\.stmcufinder\plugins\mcufinder
2026-06-24 11:19:25,840 [WARN] DbFile:36 - Overriding database path with different value: C:\Users\Michal\.stmcufinder\plugins\mcufinder/ => C:\Users\Michal\.stmcufinder\plugins\mcufinder
2026-06-24 11:19:25,840 [INFO] CrossReferenceDbSqlite:196 - Set database path to: C:\Users\Michal\.stmcufinder\plugins\mcufinder//mcu/cs/
2026-06-24 11:19:25,840 [WARN] DbFile:36 - Overriding database path with different value: C:\Users\Michal\.stmcufinder\plugins\mcufinder/ => C:\Users\Michal\.stmcufinder\plugins\mcufinder
2026-06-24 11:19:25,841 [INFO] DbExamplesSqlite:800 - Set database path to: C:\Users\Michal\.stmcufinder\plugins\mcufinder//mcu/
2026-06-24 11:19:25,922 [INFO] MainPanel:189 - HeapMemory: 438304768
2026-06-24 11:19:26,011 [INFO] DbMcusXml:70 - Set database path to: E:\Programs\STM\STM32CubeIDE_1.4.0\STM32CubeIDE\plugins\com.st.stm32cube.common.mx_6.0.0.202007160824\\db\/mcu/
2026-06-24 11:19:26,012 [INFO] DbBoardsPdsc:56 - Set plugin database path to: E:\Programs\STM\STM32CubeIDE_1.4.0\STM32CubeIDE\plugins\com.st.stm32cube.common.mx_6.0.0.202007160824\\db\/plugins/boardmanager/
2026-06-24 11:19:26,012 [INFO] DbMcus:258 - Set plugin images path to: E:\Programs\STM\STM32CubeIDE_1.4.0\STM32CubeIDE\plugins\com.st.stm32cube.common.mx_6.0.0.202007160824\\db\/plugins/mcufinder/images/
2026-06-24 11:19:26,012 [INFO] DbBoards:264 - Set plugin images path to: E:\Programs\STM\STM32CubeIDE_1.4.0\STM32CubeIDE\plugins\com.st.stm32cube.common.mx_6.0.0.202007160824\\db\/plugins/mcufinder/images/
2026-06-24 11:19:26,012 [INFO] DbExamples:326 - Set plugin images path to: E:\Programs\STM\STM32CubeIDE_1.4.0\STM32CubeIDE\plugins\com.st.stm32cube.common.mx_6.0.0.202007160824\\db\/plugins/mcufinder/images/
2026-06-24 11:19:26,013 [WARN] DbFile:36 - Overriding database path with different value: C:\Users\Michal\.stmcufinder\plugins\mcufinder/ => C:\Users\Michal\.stmcufinder\plugins\mcufinder
2026-06-24 11:19:26,013 [INFO] DbMcusDocs:112 - Set database path to: C:\Users\Michal\.stmcufinder\plugins\mcufinder//mcu/
2026-06-24 11:19:26,013 [WARN] DbFile:36 - Overriding database path with different value: C:\Users\Michal\.stmcufinder\plugins\mcufinder/ => C:\Users\Michal\.stmcufinder\plugins\mcufinder
2026-06-24 11:19:26,013 [INFO] DbMcusJson:63 - Set database path to: C:\Users\Michal\.stmcufinder\plugins\mcufinder//mcu/
2026-06-24 11:19:26,014 [WARN] DbFile:36 - Overriding database path with different value: C:\Users\Michal\.stmcufinder\plugins\mcufinder/ => C:\Users\Michal\.stmcufinder\plugins\mcufinder
2026-06-24 11:19:26,014 [INFO] DbBoardsDocs:112 - Set database path to: C:\Users\Michal\.stmcufinder\plugins\mcufinder//mcu/
2026-06-24 11:19:26,014 [WARN] DbFile:36 - Overriding database path with different value: C:\Users\Michal\.stmcufinder\plugins\mcufinder/ => C:\Users\Michal\.stmcufinder\plugins\mcufinder
2026-06-24 11:19:26,014 [INFO] DbBoardsJson:56 - Set database path to: C:\Users\Michal\.stmcufinder\plugins\mcufinder//mcu/
2026-06-24 11:19:26,014 [WARN] DbFile:36 - Overriding database path with different value: C:\Users\Michal\.stmcufinder\plugins\mcufinder/ => C:\Users\Michal\.stmcufinder\plugins\mcufinder
2026-06-24 11:19:26,015 [WARN] DbFile:36 - Overriding database path with different value: C:\Users\Michal\.stmcufinder\plugins\mcufinder/ => C:\Users\Michal\.stmcufinder\plugins\mcufinder
2026-06-24 11:19:26,015 [INFO] CrossReferenceDbSqlite:196 - Set database path to: C:\Users\Michal\.stmcufinder\plugins\mcufinder//mcu/cs/
2026-06-24 11:19:26,015 [WARN] DbFile:36 - Overriding database path with different value: C:\Users\Michal\.stmcufinder\plugins\mcufinder/ => C:\Users\Michal\.stmcufinder\plugins\mcufinder
2026-06-24 11:19:26,015 [INFO] DbExamplesSqlite:800 - Set database path to: C:\Users\Michal\.stmcufinder\plugins\mcufinder//mcu/
2026-06-24 11:19:26,045 [INFO] ApplicationProperties:181 - Using Application install path: E:\Programs\STM\STM32CubeIDE_1.4.0\STM32CubeIDE\plugins\com.st.stm32cube.common.mx_6.0.0.202007160824
2026-06-24 11:19:26,047 [INFO] PluginManage:178 - Search for loadable plugins [exclusion list=, ]
2026-06-24 11:19:26,049 [INFO] PluginManage:292 - Check plugin analytics
2026-06-24 11:19:26,282 [INFO] AnalyticsPlugin:203 - Accepted Software Licenses: STM32CubeMX.6.17.0
2026-06-24 11:19:26,283 [INFO] AnalyticsPlugin:205 - Accepted CMSIS Pack Licenses: emotas.I-CUBE-CANOPEN.1.3.0
2026-06-24 11:19:26,284 [INFO] AnalyticsPlugin:207 - Accepted Firmware Licenses: FW.F1.1.8.7
2026-06-24 11:19:26,285 [INFO] PluginManage:342 - Loaded plugin analytics (category:tool,tabindex:-1)
2026-06-24 11:19:26,286 [INFO] PluginManage:292 - Check plugin clock
2026-06-24 11:19:26,307 [INFO] PluginManage:342 - Loaded plugin clock (category:base,tabindex:2)
2026-06-24 11:19:26,309 [INFO] PluginManage:292 - Check plugin ddr
2026-06-24 11:19:26,312 [INFO] PluginManage:342 - Loaded plugin ddr (category:tool,tabindex:6)
2026-06-24 11:19:26,313 [INFO] PluginManage:292 - Check plugin filemanager
2026-06-24 11:19:26,548 [INFO] PluginManage:342 - Loaded plugin filemanager (category:base,tabindex:10)
2026-06-24 11:19:26,548 [INFO] PluginManage:292 - Check plugin ipmanager
2026-06-24 11:19:26,562 [INFO] PluginManage:342 - Loaded plugin ipmanager (category:base,tabindex:5)
2026-06-24 11:19:26,562 [INFO] PluginManage:292 - Check plugin pinoutandconfiguration
2026-06-24 11:19:26,576 [INFO] PluginManage:342 - Loaded plugin pinoutandconfiguration (category:base,tabindex:1)
2026-06-24 11:19:26,576 [INFO] PluginManage:292 - Check plugin pinoutconfig
2026-06-24 11:19:26,618 [INFO] PluginManage:342 - Loaded plugin pinoutconfig (category:base,tabindex:0)
2026-06-24 11:19:26,619 [INFO] PluginManage:292 - Check plugin power
2026-06-24 11:19:26,631 [INFO] PluginManage:342 - Loaded plugin power (category:power,tabindex:4)
2026-06-24 11:19:26,631 [INFO] PluginManage:292 - Check plugin projectmanager
2026-06-24 11:19:26,653 [INFO] PluginManage:342 - Loaded plugin projectmanager (category:projectmanager,tabindex:3)
2026-06-24 11:19:26,654 [INFO] PluginManage:292 - Check plugin thirdparty
2026-06-24 11:19:26,721 [INFO] ThirdPartyDb:333 - Open Third Party DataBase File (C:/Users/Michal/.stm32cubemx/plugins/thirdparty/db/thirdparties_db.xml) : 23 ms. number of Sw pack : 14
2026-06-24 11:19:26,729 [INFO] PluginManage:342 - Loaded plugin thirdparty (category:base,tabindex:-1)
2026-06-24 11:19:26,729 [INFO] PluginManage:292 - Check plugin tools
2026-06-24 11:19:26,732 [INFO] PluginManage:342 - Loaded plugin tools (category:base,tabindex:7)
2026-06-24 11:19:26,733 [INFO] PluginManage:292 - Check plugin tutovideos
2026-06-24 11:19:27,058 [INFO] PluginManage:342 - Loaded plugin tutovideos (category:base,tabindex:-1)
2026-06-24 11:19:27,059 [INFO] PluginManage:292 - Check plugin updater
2026-06-24 11:19:27,079 [INFO] PluginManage:342 - Loaded plugin updater (category:base,tabindex:12)
2026-06-24 11:19:27,080 [INFO] PluginManage:265 - PluginManage : Loaded plugins [13]
2026-06-24 11:19:27,304 [INFO] PinOutPanel:1418 - setPackage(No Configuration,No Configuration)
2026-06-24 11:19:27,431 [INFO] IPUIPlugin:64 - create IPUIPlugin
2026-06-24 11:19:27,432 [INFO] PluginManager:200 - loadIPPluginJar : add adc
2026-06-24 11:19:27,436 [INFO] IPUIPlugin:64 - create IPUIPlugin
2026-06-24 11:19:27,437 [INFO] PluginManager:200 - loadIPPluginJar : add aes
2026-06-24 11:19:27,441 [INFO] IPUIPlugin:64 - create IPUIPlugin
2026-06-24 11:19:27,442 [INFO] PluginManager:200 - loadIPPluginJar : add can
2026-06-24 11:19:27,445 [INFO] IPUIPlugin:64 - create IPUIPlugin
2026-06-24 11:19:27,445 [INFO] PluginManager:200 - loadIPPluginJar : add comp
2026-06-24 11:19:27,448 [INFO] IPUIPlugin:64 - create IPUIPlugin
2026-06-24 11:19:27,449 [INFO] PluginManager:200 - loadIPPluginJar : add cryp
2026-06-24 11:19:27,453 [INFO] IPUIPlugin:64 - create IPUIPlugin
2026-06-24 11:19:27,453 [INFO] PluginManager:200 - loadIPPluginJar : add dfsdm
2026-06-24 11:19:27,461 [INFO] IPUIPlugin:64 - create IPUIPlugin
2026-06-24 11:19:27,462 [INFO] PluginManager:200 - loadIPPluginJar : add dma
2026-06-24 11:19:27,465 [INFO] IPUIPlugin:64 - create IPUIPlugin
2026-06-24 11:19:27,465 [INFO] PluginManager:200 - loadIPPluginJar : add fatfs
2026-06-24 11:19:27,471 [INFO] IPUIPlugin:64 - create IPUIPlugin
2026-06-24 11:19:27,472 [INFO] PluginManager:200 - loadIPPluginJar : add fmc
2026-06-24 11:19:27,483 [INFO] IPUIPlugin:64 - create IPUIPlugin
2026-06-24 11:19:27,484 [INFO] PluginManager:200 - loadIPPluginJar : add freertos
2026-06-24 11:19:27,487 [INFO] IPUIPlugin:64 - create IPUIPlugin
2026-06-24 11:19:27,487 [INFO] PluginManager:200 - loadIPPluginJar : add genericplugin
2026-06-24 11:19:27,492 [INFO] IPUIPlugin:64 - create IPUIPlugin
2026-06-24 11:19:27,492 [INFO] PluginManager:200 - loadIPPluginJar : add gfxmmu
2026-06-24 11:19:27,499 [INFO] IPUIPlugin:64 - create IPUIPlugin
2026-06-24 11:19:27,500 [INFO] PluginManager:200 - loadIPPluginJar : add gic
2026-06-24 11:19:27,506 [INFO] IPUIPlugin:64 - create IPUIPlugin
2026-06-24 11:19:27,506 [INFO] PluginManager:200 - loadIPPluginJar : add gpio
2026-06-24 11:19:27,511 [INFO] IPUIPlugin:64 - create IPUIPlugin
2026-06-24 11:19:27,512 [INFO] PluginManager:200 - loadIPPluginJar : add gtzc
2026-06-24 11:19:27,516 [INFO] IPUIPlugin:64 - create IPUIPlugin
2026-06-24 11:19:27,516 [INFO] PluginManager:200 - loadIPPluginJar : add hash
2026-06-24 11:19:27,521 [INFO] IPUIPlugin:64 - create IPUIPlugin
2026-06-24 11:19:27,522 [INFO] PluginManager:200 - loadIPPluginJar : add i2c
2026-06-24 11:19:27,527 [INFO] IPUIPlugin:64 - create IPUIPlugin
2026-06-24 11:19:27,528 [INFO] PluginManager:200 - loadIPPluginJar : add i2s
2026-06-24 11:19:27,532 [INFO] IPUIPlugin:64 - create IPUIPlugin
2026-06-24 11:19:27,532 [INFO] PluginManager:200 - loadIPPluginJar : add ipddr
2026-06-24 11:19:27,535 [INFO] IPUIPlugin:64 - create IPUIPlugin
2026-06-24 11:19:27,535 [INFO] PluginManager:200 - loadIPPluginJar : add ltdc
2026-06-24 11:19:27,549 [INFO] IPUIPlugin:64 - create IPUIPlugin
2026-06-24 11:19:27,550 [INFO] PluginManager:200 - loadIPPluginJar : add mdma
2026-06-24 11:19:27,558 [INFO] IPUIPlugin:64 - create IPUIPlugin
2026-06-24 11:19:27,558 [INFO] PluginManager:200 - loadIPPluginJar : add nvic
2026-06-24 11:19:27,562 [INFO] IPUIPlugin:64 - create IPUIPlugin
2026-06-24 11:19:27,562 [INFO] PluginManager:200 - loadIPPluginJar : add opamp
2026-06-24 11:19:27,566 [INFO] IPUIPlugin:64 - create IPUIPlugin
2026-06-24 11:19:27,566 [INFO] PluginManager:200 - loadIPPluginJar : add openamp
2026-06-24 11:19:27,570 [INFO] IPUIPlugin:64 - create IPUIPlugin
2026-06-24 11:19:27,571 [INFO] PluginManager:200 - loadIPPluginJar : add pdm2pcm
2026-06-24 11:19:27,581 [INFO] IPUIPlugin:64 - create IPUIPlugin
2026-06-24 11:19:27,585 [INFO] PluginManager:200 - loadIPPluginJar : add plateformsettings
2026-06-24 11:19:27,587 [INFO] IPUIPlugin:64 - create IPUIPlugin
2026-06-24 11:19:27,587 [INFO] PluginManager:200 - loadIPPluginJar : add quadspi
2026-06-24 11:19:27,592 [INFO] IPUIPlugin:64 - create IPUIPlugin
2026-06-24 11:19:27,593 [INFO] PluginManager:200 - loadIPPluginJar : add resmgrutility
2026-06-24 11:19:27,610 [INFO] IPUIPlugin:64 - create IPUIPlugin
2026-06-24 11:19:27,610 [INFO] PluginManager:200 - loadIPPluginJar : add sai
2026-06-24 11:19:27,613 [INFO] IPUIPlugin:64 - create IPUIPlugin
2026-06-24 11:19:27,614 [INFO] PluginManager:200 - loadIPPluginJar : add spi
2026-06-24 11:19:27,619 [INFO] IPUIPlugin:64 - create IPUIPlugin
2026-06-24 11:19:27,619 [INFO] PluginManager:200 - loadIPPluginJar : add stm32_wpan
2026-06-24 11:19:27,622 [INFO] IPUIPlugin:64 - create IPUIPlugin
2026-06-24 11:19:27,623 [INFO] PluginManager:200 - loadIPPluginJar : add tim
2026-06-24 11:19:27,628 [INFO] IPUIPlugin:64 - create IPUIPlugin
2026-06-24 11:19:27,629 [INFO] PluginManager:200 - loadIPPluginJar : add touchsensing
2026-06-24 11:19:27,631 [INFO] IPUIPlugin:64 - create IPUIPlugin
2026-06-24 11:19:27,632 [INFO] PluginManager:200 - loadIPPluginJar : add tracer_emb
2026-06-24 11:19:27,635 [INFO] IPUIPlugin:64 - create IPUIPlugin
2026-06-24 11:19:27,635 [INFO] PluginManager:200 - loadIPPluginJar : add ts
2026-06-24 11:19:27,637 [INFO] IPUIPlugin:64 - create IPUIPlugin
2026-06-24 11:19:27,638 [INFO] PluginManager:200 - loadIPPluginJar : add tsc
2026-06-24 11:19:27,642 [INFO] IPUIPlugin:64 - create IPUIPlugin
2026-06-24 11:19:27,642 [INFO] PluginManager:200 - loadIPPluginJar : add ucpd
2026-06-24 11:19:27,647 [INFO] IPUIPlugin:64 - create IPUIPlugin
2026-06-24 11:19:27,647 [INFO] PluginManager:200 - loadIPPluginJar : add usart
2026-06-24 11:19:29,159 [INFO] CubeProgrammer:457 - [DDR PANEL] - PathOfProgrammer: null
2026-06-24 11:19:30,307 [FATAL] Updater:282 - Updater called before beeing initialized
2026-06-24 11:19:30,515 [FATAL] Updater:282 - Updater called before beeing initialized
2026-06-24 11:19:30,516 [WARN] ThirdParty:775 - waiting for thirdparty lock release [close project]
2026-06-24 11:19:30,516 [INFO] ThirdParty:777 - entering critical section [close project]
2026-06-24 11:19:30,517 [INFO] ThirdParty:790 - exiting critical section [close project]
2026-06-24 11:19:30,521 [INFO] PinOutPanel:1418 - setPackage(No Configuration,No Configuration)
2026-06-24 11:19:30,522 [FATAL] Updater:282 - Updater called before beeing initialized
2026-06-24 11:19:30,529 [ERROR] Updater:967 - MainUpdater not yet initialized. External WinMGr cannot be set.
2026-06-24 11:19:30,531 [INFO] CubeProgrammer:457 - [DDR PANEL] - PathOfProgrammer: E:\Programs\STM\STM32CubeIDE_1.4.0\STM32CubeIDE\plugins\com.st.stm32cube.ide.mcu.externaltools.cubeprogrammer.win32_1.4.0.202007081208\tools\bin
2026-06-24 11:19:30,535 [INFO] ProgrammerExecThread:148 - [ProgrammerAPI] CubeProgrammer command construction: E:\Programs\STM\STM32CubeIDE_1.4.0\STM32CubeIDE\plugins\com.st.stm32cube.ide.mcu.externaltools.cubeprogrammer.win32_1.4.0.202007081208\tools\bin\STM32_Programmer_CLI.exe -l
2026-06-24 11:19:30,753 [INFO] MainDdrPanel:49 - [DDR PANEL] SETTER - Set cubeProgrammerPath to: E:\Programs\STM\STM32CubeIDE_1.4.0\STM32CubeIDE\plugins\com.st.stm32cube.ide.mcu.externaltools.cubeprogrammer.win32_1.4.0.202007081208\tools\bin
2026-06-24 11:19:30,790 [INFO] Updater:904 - Updater Version found : 6.0.0
2026-06-24 11:19:30,822 [INFO] ApplicationProperties:181 - Using Application install path: E:\Programs\STM\STM32CubeIDE_1.4.0\STM32CubeIDE\plugins\com.st.stm32cube.common.mx_6.0.0.202007160824
2026-06-24 11:19:31,633 [INFO] MainUpdater:2268 - connection check result : 10
2026-06-24 11:19:31,634 [INFO] MainUpdater:239 - Updater Check For Update Now.
2026-06-24 11:19:31,635 [INFO] MicroXplorer:414 - Change Database Version : DB.6.0.0
2026-06-24 11:19:31,835 [INFO] CheckServerUpdateThread:102 - End of CheckServer Thread
2026-06-24 11:19:31,856 [INFO] MainUpdater:2268 - connection check result : 10
2026-06-24 11:19:32,216 [INFO] McuFinderGlobals:40 - Set McuFinder mode to 2 (CubeIDE integrated)
2026-06-24 11:19:32,730 [INFO] CrossSelectorPresenter:1330 - Cross Selector saved comparison directory: C:\Users\Michal\.stmcufinder\plugins\mcufinder\mcu\cs_comparisons_mx
2026-06-24 11:19:32,740 [INFO] MultiScanPanel:193 - Auto-refresh data requested => check proxy status ongoing
2026-06-24 11:19:32,748 [INFO] FinderPluginLoader:87 - Searching for filters in installed packs
2026-06-24 11:19:32,749 [WARN] IntegrityCheckThread:61 - waiting for thirdparty lock release [integrity check]
2026-06-24 11:19:32,749 [INFO] IntegrityCheckThread:63 - entering critical section [integrity check]
2026-06-24 11:19:32,752 [INFO] DbMcusXml:100 - Load MCU database from E:\Programs\STM\STM32CubeIDE_1.4.0\STM32CubeIDE\plugins\com.st.stm32cube.common.mx_6.0.0.202007160824\\db\/mcu/families.xml
2026-06-24 11:19:32,824 [INFO] ThirdPartyDb:299 - Save Third Party DataBase File (C:/Users/Michal/.stm32cubemx/plugins/thirdparty/db/thirdparties_db.xml) [forced]
2026-06-24 11:19:32,883 [WARN] XmlIntegratedPack:130 - No IP in current MCU
2026-06-24 11:19:32,883 [WARN] XmlIntegratedPack:130 - No IP in current MCU
2026-06-24 11:19:32,883 [WARN] XmlIntegratedPack:130 - No IP in current MCU
2026-06-24 11:19:32,883 [WARN] XmlIntegratedPack:130 - No IP in current MCU
2026-06-24 11:19:32,883 [WARN] XmlIntegratedPack:130 - No IP in current MCU
2026-06-24 11:19:32,883 [WARN] XmlIntegratedPack:130 - No IP in current MCU
2026-06-24 11:19:32,883 [WARN] XmlIntegratedPack:130 - No IP in current MCU
2026-06-24 11:19:32,884 [WARN] XmlIntegratedPack:130 - No IP in current MCU
2026-06-24 11:19:32,885 [WARN] XmlIntegratedPack:130 - No IP in current MCU
2026-06-24 11:19:32,885 [WARN] XmlIntegratedPack:130 - No IP in current MCU
2026-06-24 11:19:32,885 [WARN] XmlIntegratedPack:130 - No IP in current MCU
2026-06-24 11:19:32,885 [WARN] XmlIntegratedPack:130 - No IP in current MCU
2026-06-24 11:19:32,886 [WARN] XmlIntegratedPack:130 - No IP in current MCU
2026-06-24 11:19:32,886 [INFO] ThirdPartyDb:299 - Save Third Party DataBase File (C:/Users/Michal/.stm32cubemx/plugins/thirdparty/db/thirdparties_db.xml) [forced]
2026-06-24 11:19:32,892 [INFO] ThirdPartyPackRequestProcessor:667 - CMSIS Pack Vendor :STMicroelectronics USB_HOST 2.0.0
2026-06-24 11:19:32,893 [INFO] ThirdPartyPackRequestProcessor:667 - CMSIS Pack Vendor :emotas I-CUBE-CANOPEN 1.1.3
2026-06-24 11:19:32,893 [INFO] ThirdPartyPackRequestProcessor:667 - CMSIS Pack Vendor :STMicroelectronics FreeRTOS 0.0.1
2026-06-24 11:19:32,893 [INFO] ThirdPartyPackRequestProcessor:667 - CMSIS Pack Vendor :STMicroelectronics USB_DEVICE 1.0.0
2026-06-24 11:19:32,893 [INFO] ThirdPartyPackRequestProcessor:667 - CMSIS Pack Vendor :STMicroelectronics USB_DEVICE 3.0.0
2026-06-24 11:19:32,893 [INFO] ThirdPartyPackRequestProcessor:667 - CMSIS Pack Vendor :STMicroelectronics MBEDTLS 2.16.2
2026-06-24 11:19:32,893 [INFO] ThirdPartyPackRequestProcessor:667 - CMSIS Pack Vendor :STMicroelectronics lwIP 2.0.3
2026-06-24 11:19:32,893 [INFO] ThirdPartyPackRequestProcessor:667 - CMSIS Pack Vendor :STMicroelectronics lwIP 2.1.2
2026-06-24 11:19:32,893 [INFO] ThirdPartyPackRequestProcessor:667 - CMSIS Pack Vendor :STMicroelectronics MBEDTLS 2.14.1
2026-06-24 11:19:32,893 [INFO] ThirdPartyPackRequestProcessor:667 - CMSIS Pack Vendor :STMicroelectronics USB_HOST 1.0.0
2026-06-24 11:19:32,893 [INFO] ThirdPartyPackRequestProcessor:667 - CMSIS Pack Vendor :STMicroelectronics PDM2PCM 3.1.0
2026-06-24 11:19:32,893 [INFO] ThirdPartyPackRequestProcessor:667 - CMSIS Pack Vendor :STMicroelectronics PDM2PCM 3.2.0
2026-06-24 11:19:32,893 [INFO] ThirdPartyPackRequestProcessor:667 - CMSIS Pack Vendor :STMicroelectronics USB_DEVICE 2.0.0
2026-06-24 11:19:32,894 [INFO] ThirdPartyPackRequestProcessor:667 - CMSIS Pack Vendor :STMicroelectronics PDM2PCM 3.3.0
2026-06-24 11:19:32,894 [INFO] ThirdPartyDb:299 - Save Third Party DataBase File (C:/Users/Michal/.stm32cubemx/plugins/thirdparty/db/thirdparties_db.xml) [forced]
2026-06-24 11:19:32,903 [INFO] ThirdPartyDb:299 - Save Third Party DataBase File (C:/Users/Michal/.stm32cubemx/plugins/thirdparty/db/thirdparties_db.xml) [forced]
2026-06-24 11:19:32,928 [ERROR] ThirdParty:823 - Integrity check failed: pack='C:\Users\Michal\STM32Cube\Repository\Packs\emotas\I-CUBE-CANOPEN\1.3.0\emotas.I-CUBE-CANOPEN.pdsc' / reason: PDSC version is not supported
2026-06-24 11:19:32,932 [INFO] ThirdPartyDb:299 - Save Third Party DataBase File (C:/Users/Michal/.stm32cubemx/plugins/thirdparty/db/thirdparties_db.xml) [forced]
2026-06-24 11:19:32,986 [INFO] ThirdPartyDb:299 - Save Third Party DataBase File (C:/Users/Michal/.stm32cubemx/plugins/thirdparty/db/thirdparties_db.xml) [forced]
2026-06-24 11:19:32,990 [INFO] IntegrityCheckThread:76 - exiting critical section [integrity check]
2026-06-24 11:19:32,990 [INFO] IntegrityCheckThread:79 - End integrity checks thread
2026-06-24 11:19:34,017 [INFO] DbMcusJson:92 - JSON generation date=Thu Jul 02 17:47:47 CEST 2020 (1593704867)
2026-06-24 11:19:35,445 [INFO] DbMcus:175 - Found 1761 MCUs (1722 are supported by CubeMX, 1728 are visible in CubeMX)
2026-06-24 11:19:35,446 [INFO] ApiDb:201 - Load user favorites file C:\Users\Michal/.stm32cubeide/favorites.mcus.txt: 0 item(s)
2026-06-24 11:19:35,446 [INFO] ApiDb:205 - User favorites MCUs=[]
2026-06-24 11:19:35,446 [INFO] DbMcus:187 - Set 0 / 0 favorites MCUs
2026-06-24 11:19:36,059 [INFO] LoadUrlFilesThread:162 - End of LoadServerUrlFiles without Thread
2026-06-24 11:19:36,098 [INFO] DetailPanel:331 - Set advertising image to C:/Users/Michal/STM32Cube/Repository/\stm32cubemx-promo_image.jpg
2026-06-24 11:19:36,568 [INFO] McuFilterPanel:245 - Update 0 favorites MCUs
2026-06-24 11:19:36,713 [INFO] DbBoardsPdsc:94 - Found 23 items
2026-06-24 11:19:36,716 [INFO] DbBoardsPdsc:94 - Found 9 items
2026-06-24 11:19:36,721 [INFO] DbBoardsPdsc:94 - Found 29 items
2026-06-24 11:19:36,724 [INFO] DbBoardsPdsc:94 - Found 1 items
2026-06-24 11:19:36,735 [INFO] DbBoardsPdsc:94 - Found 44 items
2026-06-24 11:19:36,750 [INFO] DbBoardsPdsc:94 - Found 40 items
2026-06-24 11:19:36,752 [INFO] DbBoardsPdsc:94 - Found 2 items
2026-06-24 11:19:36,755 [INFO] DbBoardsPdsc:94 - Found 4 items
2026-06-24 11:19:36,764 [WARN] DbBoardsPdsc:258 - Board STM32H7B3I-DK: unknown feature type=Audio, name=, username=Audio stereo codec with Headphone Amp (CS42L51-CNZ), n=1
2026-06-24 11:19:36,765 [WARN] DbBoardsPdsc:258 - Board STM32H735G-DK: unknown feature type=Audio, name=, username=Audio stereo codec with Headphone Amp (WM8994ECS/R), n=1
2026-06-24 11:19:36,768 [WARN] DbBoardsPdsc:258 - Board STM32H7B3I-EVAL: unknown feature type=Audio, name=, username=Multi-Channel Audio Codec (CS42L51-CNZ), n=1
2026-06-24 11:19:36,768 [WARN] DbBoardsPdsc:258 - Board STM32H7B3I-EVAL: unknown feature type=Meter, name=, username=Power-metering and Temperature-monitoring with sigma-delta modulators, n=1
2026-06-24 11:19:36,768 [WARN] DbBoardsPdsc:258 - Board STM32H7B3I-EVAL: unknown feature type=Motor, name=, username=Motor Control, n=1
2026-06-24 11:19:36,867 [INFO] DbBoardsJson:85 - JSON generation date=Thu Jul 02 15:35:57 CEST 2020 (1593696957)
2026-06-24 11:19:36,873 [INFO] DbBoards:117 - Found 152 boards (149 are supported by CubeMX)
2026-06-24 11:19:36,885 [INFO] DbBoardsDocs:145 - JSON generation date=Thu Jul 02 17:47:47 CEST 2020 (1593704867)
2026-06-24 11:19:36,915 [INFO] DbBoardsDocs:81 - Found 185 boards documents
2026-06-24 11:19:36,916 [WARN] DbBoards:149 - board B-G474E-DPOW1 / document id not found: 4624
2026-06-24 11:19:36,916 [WARN] DbBoards:149 - board B-G474E-DPOW1 / document id not found: 4625
2026-06-24 11:19:36,916 [WARN] DbBoards:127 - board B-L462E-CELL1 has no document id list !
2026-06-24 11:19:36,916 [WARN] DbBoards:127 - board B-L475E-IOT01A2 has no document id list !
2026-06-24 11:19:36,918 [WARN] DbBoards:127 - board NUCLEO-G491RE has no document id list !
2026-06-24 11:19:36,918 [WARN] DbBoards:127 - board NUCLEO-H723ZG has no document id list !
2026-06-24 11:19:36,918 [WARN] DbBoards:127 - board NUCLEO-H743ZI2 has no document id list !
2026-06-24 11:19:36,920 [WARN] DbBoards:127 - board NUCLEO-WB55RG has no document id list !
2026-06-24 11:19:36,920 [WARN] DbBoards:127 - board P-NUCLEO-WB55-Nucleo has no document id list !
2026-06-24 11:19:36,920 [WARN] DbBoards:127 - board P-NUCLEO-WB55-USBDongle has no document id list !
2026-06-24 11:19:36,921 [WARN] DbBoards:127 - board STEVAL-BFA001V1B has no document id list !
2026-06-24 11:19:36,921 [WARN] DbBoards:127 - board STEVAL-BFA001V2B has no document id list !
2026-06-24 11:19:36,921 [WARN] DbBoards:127 - board STEVAL-IDP005V1 has no document id list !
2026-06-24 11:19:36,921 [WARN] DbBoards:127 - board STEVAL-IDP005V2 has no document id list !
2026-06-24 11:19:36,921 [WARN] DbBoards:127 - board STEVAL-MKSBOX1V1 has no document id list !
2026-06-24 11:19:36,921 [WARN] DbBoards:127 - board STEVAL-STWINKT1 has no document id list !
2026-06-24 11:19:36,922 [WARN] DbBoards:127 - board STM32F401C-DISCO has no document id list !
2026-06-24 11:19:36,923 [WARN] DbBoards:127 - board STM32F769I-DISC1 has no document id list !
2026-06-24 11:19:36,923 [WARN] DbBoards:127 - board STM32G474E-EVAL1 has no document id list !
2026-06-24 11:19:36,923 [WARN] DbBoards:127 - board STM32H735G-DK has no document id list !
2026-06-24 11:19:36,924 [WARN] DbBoards:127 - board STM32H743I-EVAL2 has no document id list !
2026-06-24 11:19:36,924 [WARN] DbBoards:127 - board STM32H747I-DISC1 has no document id list !
2026-06-24 11:19:36,924 [WARN] DbBoards:127 - board STM32H753I-EVAL2 has no document id list !
2026-06-24 11:19:36,925 [WARN] DbBoards:127 - board STM32L-DISCOVERY has no document id list !
2026-06-24 11:19:36,925 [WARN] DbBoards:127 - board STM32MP157A-DK1 has no document id list !
2026-06-24 11:19:36,925 [WARN] DbBoards:127 - board STM32MP157F-EV1 has no document id list !
2026-06-24 11:19:37,035 [ERROR] DbBoards:192 - No image file URL for board B-L462E-CELL1
2026-06-24 11:19:38,834 [INFO] ApiDb:201 - Load user favorites file C:\Users\Michal/.stm32cubeide/favorites.boards.txt: 0 item(s)
2026-06-24 11:19:38,834 [INFO] ApiDb:205 - User favorites Boards=[]
2026-06-24 11:19:38,835 [INFO] DbBoards:206 - Set 0 / 0 favorites Boards
2026-06-24 11:21:07,002 [INFO] ApiDb:226 - Save user favorites file C:\Users\Michal/.stm32cubeide/favorites.mcus.txt: 0 item(s)
2026-06-24 11:21:07,003 [INFO] ApiDb:230 - User favorites MCUs=[]
2026-06-24 11:21:54,514 [INFO] Activator:178 - 


2026-06-24 11:21:54,520 [INFO] Activator:179 - !SESSION log4j initialized
2026-06-24 11:21:57,448 [ERROR] ApiDbMcu:1464 - Can't use Application install path:
2026-06-24 11:22:11,215 [WARN] RulesReader:54 - Compatibility file://mcu/compatibility.xml not found
2026-06-24 11:22:35,434 [INFO] ApplicationProperties:181 - Using Application install path: E:\Programs\STM\STM32CubeIDE_1.4.0\STM32CubeIDE\plugins\com.st.stm32cube.common.mx_6.0.0.202007160824
2026-06-24 11:22:35,442 [INFO] DbMcusXml:70 - Set database path to: E:\Programs\STM\STM32CubeIDE_1.4.0\STM32CubeIDE\plugins\com.st.stm32cube.common.mx_6.0.0.202007160824\\db\/mcu/
2026-06-24 11:22:35,447 [INFO] DbBoardsPdsc:56 - Set plugin database path to: E:\Programs\STM\STM32CubeIDE_1.4.0\STM32CubeIDE\plugins\com.st.stm32cube.common.mx_6.0.0.202007160824\\db\/plugins/boardmanager/
2026-06-24 11:22:35,447 [INFO] DbMcus:258 - Set plugin images path to: E:\Programs\STM\STM32CubeIDE_1.4.0\STM32CubeIDE\plugins\com.st.stm32cube.common.mx_6.0.0.202007160824\\db\/plugins/mcufinder/images/
2026-06-24 11:22:35,447 [INFO] DbBoards:264 - Set plugin images path to: E:\Programs\STM\STM32CubeIDE_1.4.0\STM32CubeIDE\plugins\com.st.stm32cube.common.mx_6.0.0.202007160824\\db\/plugins/mcufinder/images/
2026-06-24 11:22:35,450 [INFO] DbExamples:326 - Set plugin images path to: E:\Programs\STM\STM32CubeIDE_1.4.0\STM32CubeIDE\plugins\com.st.stm32cube.common.mx_6.0.0.202007160824\\db\/plugins/mcufinder/images/
2026-06-24 11:22:35,458 [INFO] DbMcusDocs:112 - Set database path to: C:\Users\Michal\.stmcufinder\plugins\mcufinder//mcu/
2026-06-24 11:22:35,460 [INFO] DbMcusJson:63 - Set database path to: C:\Users\Michal\.stmcufinder\plugins\mcufinder//mcu/
2026-06-24 11:22:35,461 [INFO] DbBoardsDocs:112 - Set database path to: C:\Users\Michal\.stmcufinder\plugins\mcufinder//mcu/
2026-06-24 11:22:35,463 [INFO] DbBoardsJson:56 - Set database path to: C:\Users\Michal\.stmcufinder\plugins\mcufinder//mcu/
2026-06-24 11:22:35,469 [INFO] CrossReferenceDbSqlite:196 - Set database path to: C:\Users\Michal\.stmcufinder\plugins\mcufinder//mcu/cs/
2026-06-24 11:22:35,473 [INFO] DbExamplesSqlite:800 - Set database path to: C:\Users\Michal\.stmcufinder\plugins\mcufinder//mcu/
2026-06-24 11:22:35,596 [INFO] MicroXplorer:564 - Detected Java Version = 1.8.0_252
2026-06-24 11:22:35,596 [INFO] DbMcusXml:70 - Set database path to: E:\Programs\STM\STM32CubeIDE_1.4.0\STM32CubeIDE\plugins\com.st.stm32cube.common.mx_6.0.0.202007160824\\db\/mcu/
2026-06-24 11:22:35,597 [INFO] DbBoardsPdsc:56 - Set plugin database path to: E:\Programs\STM\STM32CubeIDE_1.4.0\STM32CubeIDE\plugins\com.st.stm32cube.common.mx_6.0.0.202007160824\\db\/plugins/boardmanager/
2026-06-24 11:22:35,598 [INFO] DbMcus:258 - Set plugin images path to: E:\Programs\STM\STM32CubeIDE_1.4.0\STM32CubeIDE\plugins\com.st.stm32cube.common.mx_6.0.0.202007160824\\db\/plugins/mcufinder/images/
2026-06-24 11:22:35,598 [INFO] DbBoards:264 - Set plugin images path to: E:\Programs\STM\STM32CubeIDE_1.4.0\STM32CubeIDE\plugins\com.st.stm32cube.common.mx_6.0.0.202007160824\\db\/plugins/mcufinder/images/
2026-06-24 11:22:35,598 [INFO] DbExamples:326 - Set plugin images path to: E:\Programs\STM\STM32CubeIDE_1.4.0\STM32CubeIDE\plugins\com.st.stm32cube.common.mx_6.0.0.202007160824\\db\/plugins/mcufinder/images/
2026-06-24 11:22:35,598 [WARN] DbFile:36 - Overriding database path with different value: C:\Users\Michal\.stmcufinder\plugins\mcufinder/ => C:\Users\Michal\.stmcufinder\plugins\mcufinder
2026-06-24 11:22:35,599 [INFO] DbMcusDocs:112 - Set database path to: C:\Users\Michal\.stmcufinder\plugins\mcufinder//mcu/
2026-06-24 11:22:35,599 [WARN] DbFile:36 - Overriding database path with different value: C:\Users\Michal\.stmcufinder\plugins\mcufinder/ => C:\Users\Michal\.stmcufinder\plugins\mcufinder
2026-06-24 11:22:35,599 [INFO] DbMcusJson:63 - Set database path to: C:\Users\Michal\.stmcufinder\plugins\mcufinder//mcu/
2026-06-24 11:22:35,599 [WARN] DbFile:36 - Overriding database path with different value: C:\Users\Michal\.stmcufinder\plugins\mcufinder/ => C:\Users\Michal\.stmcufinder\plugins\mcufinder
2026-06-24 11:22:35,599 [INFO] DbBoardsDocs:112 - Set database path to: C:\Users\Michal\.stmcufinder\plugins\mcufinder//mcu/
2026-06-24 11:22:35,600 [WARN] DbFile:36 - Overriding database path with different value: C:\Users\Michal\.stmcufinder\plugins\mcufinder/ => C:\Users\Michal\.stmcufinder\plugins\mcufinder
2026-06-24 11:22:35,600 [INFO] DbBoardsJson:56 - Set database path to: C:\Users\Michal\.stmcufinder\plugins\mcufinder//mcu/
2026-06-24 11:22:35,600 [WARN] DbFile:36 - Overriding database path with different value: C:\Users\Michal\.stmcufinder\plugins\mcufinder/ => C:\Users\Michal\.stmcufinder\plugins\mcufinder
2026-06-24 11:22:35,600 [WARN] DbFile:36 - Overriding database path with different value: C:\Users\Michal\.stmcufinder\plugins\mcufinder/ => C:\Users\Michal\.stmcufinder\plugins\mcufinder
2026-06-24 11:22:35,600 [INFO] CrossReferenceDbSqlite:196 - Set database path to: C:\Users\Michal\.stmcufinder\plugins\mcufinder//mcu/cs/
2026-06-24 11:22:35,601 [WARN] DbFile:36 - Overriding database path with different value: C:\Users\Michal\.stmcufinder\plugins\mcufinder/ => C:\Users\Michal\.stmcufinder\plugins\mcufinder
2026-06-24 11:22:35,601 [INFO] DbExamplesSqlite:800 - Set database path to: C:\Users\Michal\.stmcufinder\plugins\mcufinder//mcu/
2026-06-24 11:22:35,677 [INFO] MainPanel:189 - HeapMemory: 433061888
2026-06-24 11:22:35,751 [INFO] DbMcusXml:70 - Set database path to: E:\Programs\STM\STM32CubeIDE_1.4.0\STM32CubeIDE\plugins\com.st.stm32cube.common.mx_6.0.0.202007160824\\db\/mcu/
2026-06-24 11:22:35,752 [INFO] DbBoardsPdsc:56 - Set plugin database path to: E:\Programs\STM\STM32CubeIDE_1.4.0\STM32CubeIDE\plugins\com.st.stm32cube.common.mx_6.0.0.202007160824\\db\/plugins/boardmanager/
2026-06-24 11:22:35,752 [INFO] DbMcus:258 - Set plugin images path to: E:\Programs\STM\STM32CubeIDE_1.4.0\STM32CubeIDE\plugins\com.st.stm32cube.common.mx_6.0.0.202007160824\\db\/plugins/mcufinder/images/
2026-06-24 11:22:35,752 [INFO] DbBoards:264 - Set plugin images path to: E:\Programs\STM\STM32CubeIDE_1.4.0\STM32CubeIDE\plugins\com.st.stm32cube.common.mx_6.0.0.202007160824\\db\/plugins/mcufinder/images/
2026-06-24 11:22:35,752 [INFO] DbExamples:326 - Set plugin images path to: E:\Programs\STM\STM32CubeIDE_1.4.0\STM32CubeIDE\plugins\com.st.stm32cube.common.mx_6.0.0.202007160824\\db\/plugins/mcufinder/images/
2026-06-24 11:22:35,753 [WARN] DbFile:36 - Overriding database path with different value: C:\Users\Michal\.stmcufinder\plugins\mcufinder/ => C:\Users\Michal\.stmcufinder\plugins\mcufinder
2026-06-24 11:22:35,753 [INFO] DbMcusDocs:112 - Set database path to: C:\Users\Michal\.stmcufinder\plugins\mcufinder//mcu/
2026-06-24 11:22:35,753 [WARN] DbFile:36 - Overriding database path with different value: C:\Users\Michal\.stmcufinder\plugins\mcufinder/ => C:\Users\Michal\.stmcufinder\plugins\mcufinder
2026-06-24 11:22:35,754 [INFO] DbMcusJson:63 - Set database path to: C:\Users\Michal\.stmcufinder\plugins\mcufinder//mcu/
2026-06-24 11:22:35,754 [WARN] DbFile:36 - Overriding database path with different value: C:\Users\Michal\.stmcufinder\plugins\mcufinder/ => C:\Users\Michal\.stmcufinder\plugins\mcufinder
2026-06-24 11:22:35,754 [INFO] DbBoardsDocs:112 - Set database path to: C:\Users\Michal\.stmcufinder\plugins\mcufinder//mcu/
2026-06-24 11:22:35,755 [WARN] DbFile:36 - Overriding database path with different value: C:\Users\Michal\.stmcufinder\plugins\mcufinder/ => C:\Users\Michal\.stmcufinder\plugins\mcufinder
2026-06-24 11:22:35,755 [INFO] DbBoardsJson:56 - Set database path to: C:\Users\Michal\.stmcufinder\plugins\mcufinder//mcu/
2026-06-24 11:22:35,755 [WARN] DbFile:36 - Overriding database path with different value: C:\Users\Michal\.stmcufinder\plugins\mcufinder/ => C:\Users\Michal\.stmcufinder\plugins\mcufinder
2026-06-24 11:22:35,755 [WARN] DbFile:36 - Overriding database path with different value: C:\Users\Michal\.stmcufinder\plugins\mcufinder/ => C:\Users\Michal\.stmcufinder\plugins\mcufinder
2026-06-24 11:22:35,756 [INFO] CrossReferenceDbSqlite:196 - Set database path to: C:\Users\Michal\.stmcufinder\plugins\mcufinder//mcu/cs/
2026-06-24 11:22:35,756 [WARN] DbFile:36 - Overriding database path with different value: C:\Users\Michal\.stmcufinder\plugins\mcufinder/ => C:\Users\Michal\.stmcufinder\plugins\mcufinder
2026-06-24 11:22:35,756 [INFO] DbExamplesSqlite:800 - Set database path to: C:\Users\Michal\.stmcufinder\plugins\mcufinder//mcu/
2026-06-24 11:22:35,785 [INFO] ApplicationProperties:181 - Using Application install path: E:\Programs\STM\STM32CubeIDE_1.4.0\STM32CubeIDE\plugins\com.st.stm32cube.common.mx_6.0.0.202007160824
2026-06-24 11:22:35,788 [INFO] PluginManage:178 - Search for loadable plugins [exclusion list=, ]
2026-06-24 11:22:35,790 [INFO] PluginManage:292 - Check plugin analytics
2026-06-24 11:22:35,997 [INFO] AnalyticsPlugin:203 - Accepted Software Licenses: STM32CubeMX.6.17.0
2026-06-24 11:22:35,999 [INFO] AnalyticsPlugin:205 - Accepted CMSIS Pack Licenses: emotas.I-CUBE-CANOPEN.1.3.0
2026-06-24 11:22:35,999 [INFO] AnalyticsPlugin:207 - Accepted Firmware Licenses: FW.F1.1.8.7
2026-06-24 11:22:36,000 [INFO] PluginManage:342 - Loaded plugin analytics (category:tool,tabindex:-1)
2026-06-24 11:22:36,000 [INFO] PluginManage:292 - Check plugin clock
2026-06-24 11:22:36,019 [INFO] PluginManage:342 - Loaded plugin clock (category:base,tabindex:2)
2026-06-24 11:22:36,019 [INFO] PluginManage:292 - Check plugin ddr
2026-06-24 11:22:36,024 [INFO] PluginManage:342 - Loaded plugin ddr (category:tool,tabindex:6)
2026-06-24 11:22:36,024 [INFO] PluginManage:292 - Check plugin filemanager
2026-06-24 11:22:36,195 [INFO] PluginManage:342 - Loaded plugin filemanager (category:base,tabindex:10)
2026-06-24 11:22:36,196 [INFO] PluginManage:292 - Check plugin ipmanager
2026-06-24 11:22:36,208 [INFO] PluginManage:342 - Loaded plugin ipmanager (category:base,tabindex:5)
2026-06-24 11:22:36,208 [INFO] PluginManage:292 - Check plugin pinoutandconfiguration
2026-06-24 11:22:36,220 [INFO] PluginManage:342 - Loaded plugin pinoutandconfiguration (category:base,tabindex:1)
2026-06-24 11:22:36,221 [INFO] PluginManage:292 - Check plugin pinoutconfig
2026-06-24 11:22:36,262 [INFO] PluginManage:342 - Loaded plugin pinoutconfig (category:base,tabindex:0)
2026-06-24 11:22:36,263 [INFO] PluginManage:292 - Check plugin power
2026-06-24 11:22:36,275 [INFO] PluginManage:342 - Loaded plugin power (category:power,tabindex:4)
2026-06-24 11:22:36,275 [INFO] PluginManage:292 - Check plugin projectmanager
2026-06-24 11:22:36,323 [INFO] PluginManage:342 - Loaded plugin projectmanager (category:projectmanager,tabindex:3)
2026-06-24 11:22:36,323 [INFO] PluginManage:292 - Check plugin thirdparty
2026-06-24 11:22:36,382 [INFO] ThirdPartyDb:333 - Open Third Party DataBase File (C:/Users/Michal/.stm32cubemx/plugins/thirdparty/db/thirdparties_db.xml) : 19 ms. number of Sw pack : 14
2026-06-24 11:22:36,387 [INFO] PluginManage:342 - Loaded plugin thirdparty (category:base,tabindex:-1)
2026-06-24 11:22:36,388 [INFO] PluginManage:292 - Check plugin tools
2026-06-24 11:22:36,391 [INFO] PluginManage:342 - Loaded plugin tools (category:base,tabindex:7)
2026-06-24 11:22:36,391 [INFO] PluginManage:292 - Check plugin tutovideos
2026-06-24 11:22:36,720 [INFO] PluginManage:342 - Loaded plugin tutovideos (category:base,tabindex:-1)
2026-06-24 11:22:36,721 [INFO] PluginManage:292 - Check plugin updater
2026-06-24 11:22:36,755 [INFO] PluginManage:342 - Loaded plugin updater (category:base,tabindex:12)
2026-06-24 11:22:36,756 [INFO] PluginManage:265 - PluginManage : Loaded plugins [13]
2026-06-24 11:22:36,988 [INFO] PinOutPanel:1418 - setPackage(No Configuration,No Configuration)
2026-06-24 11:22:37,116 [INFO] IPUIPlugin:64 - create IPUIPlugin
2026-06-24 11:22:37,117 [INFO] PluginManager:200 - loadIPPluginJar : add adc
2026-06-24 11:22:37,121 [INFO] IPUIPlugin:64 - create IPUIPlugin
2026-06-24 11:22:37,122 [INFO] PluginManager:200 - loadIPPluginJar : add aes
2026-06-24 11:22:37,126 [INFO] IPUIPlugin:64 - create IPUIPlugin
2026-06-24 11:22:37,126 [INFO] PluginManager:200 - loadIPPluginJar : add can
2026-06-24 11:22:37,129 [INFO] IPUIPlugin:64 - create IPUIPlugin
2026-06-24 11:22:37,130 [INFO] PluginManager:200 - loadIPPluginJar : add comp
2026-06-24 11:22:37,133 [INFO] IPUIPlugin:64 - create IPUIPlugin
2026-06-24 11:22:37,134 [INFO] PluginManager:200 - loadIPPluginJar : add cryp
2026-06-24 11:22:37,140 [INFO] IPUIPlugin:64 - create IPUIPlugin
2026-06-24 11:22:37,142 [INFO] PluginManager:200 - loadIPPluginJar : add dfsdm
2026-06-24 11:22:37,156 [INFO] IPUIPlugin:64 - create IPUIPlugin
2026-06-24 11:22:37,157 [INFO] PluginManager:200 - loadIPPluginJar : add dma
2026-06-24 11:22:37,159 [INFO] IPUIPlugin:64 - create IPUIPlugin
2026-06-24 11:22:37,160 [INFO] PluginManager:200 - loadIPPluginJar : add fatfs
2026-06-24 11:22:37,165 [INFO] IPUIPlugin:64 - create IPUIPlugin
2026-06-24 11:22:37,166 [INFO] PluginManager:200 - loadIPPluginJar : add fmc
2026-06-24 11:22:37,174 [INFO] IPUIPlugin:64 - create IPUIPlugin
2026-06-24 11:22:37,175 [INFO] PluginManager:200 - loadIPPluginJar : add freertos
2026-06-24 11:22:37,177 [INFO] IPUIPlugin:64 - create IPUIPlugin
2026-06-24 11:22:37,177 [INFO] PluginManager:200 - loadIPPluginJar : add genericplugin
2026-06-24 11:22:37,180 [INFO] IPUIPlugin:64 - create IPUIPlugin
2026-06-24 11:22:37,180 [INFO] PluginManager:200 - loadIPPluginJar : add gfxmmu
2026-06-24 11:22:37,188 [INFO] IPUIPlugin:64 - create IPUIPlugin
2026-06-24 11:22:37,189 [INFO] PluginManager:200 - loadIPPluginJar : add gic
2026-06-24 11:22:37,193 [INFO] IPUIPlugin:64 - create IPUIPlugin
2026-06-24 11:22:37,194 [INFO] PluginManager:200 - loadIPPluginJar : add gpio
2026-06-24 11:22:37,197 [INFO] IPUIPlugin:64 - create IPUIPlugin
2026-06-24 11:22:37,197 [INFO] PluginManager:200 - loadIPPluginJar : add gtzc
2026-06-24 11:22:37,200 [INFO] IPUIPlugin:64 - create IPUIPlugin
2026-06-24 11:22:37,200 [INFO] PluginManager:200 - loadIPPluginJar : add hash
2026-06-24 11:22:37,205 [INFO] IPUIPlugin:64 - create IPUIPlugin
2026-06-24 11:22:37,206 [INFO] PluginManager:200 - loadIPPluginJar : add i2c
2026-06-24 11:22:37,210 [INFO] IPUIPlugin:64 - create IPUIPlugin
2026-06-24 11:22:37,210 [INFO] PluginManager:200 - loadIPPluginJar : add i2s
2026-06-24 11:22:37,215 [INFO] IPUIPlugin:64 - create IPUIPlugin
2026-06-24 11:22:37,215 [INFO] PluginManager:200 - loadIPPluginJar : add ipddr
2026-06-24 11:22:37,217 [INFO] IPUIPlugin:64 - create IPUIPlugin
2026-06-24 11:22:37,217 [INFO] PluginManager:200 - loadIPPluginJar : add ltdc
2026-06-24 11:22:37,224 [INFO] IPUIPlugin:64 - create IPUIPlugin
2026-06-24 11:22:37,225 [INFO] PluginManager:200 - loadIPPluginJar : add mdma
2026-06-24 11:22:37,230 [INFO] IPUIPlugin:64 - create IPUIPlugin
2026-06-24 11:22:37,231 [INFO] PluginManager:200 - loadIPPluginJar : add nvic
2026-06-24 11:22:37,234 [INFO] IPUIPlugin:64 - create IPUIPlugin
2026-06-24 11:22:37,234 [INFO] PluginManager:200 - loadIPPluginJar : add opamp
2026-06-24 11:22:37,238 [INFO] IPUIPlugin:64 - create IPUIPlugin
2026-06-24 11:22:37,239 [INFO] PluginManager:200 - loadIPPluginJar : add openamp
2026-06-24 11:22:37,242 [INFO] IPUIPlugin:64 - create IPUIPlugin
2026-06-24 11:22:37,243 [INFO] PluginManager:200 - loadIPPluginJar : add pdm2pcm
2026-06-24 11:22:37,252 [INFO] IPUIPlugin:64 - create IPUIPlugin
2026-06-24 11:22:37,260 [INFO] PluginManager:200 - loadIPPluginJar : add plateformsettings
2026-06-24 11:22:37,262 [INFO] IPUIPlugin:64 - create IPUIPlugin
2026-06-24 11:22:37,263 [INFO] PluginManager:200 - loadIPPluginJar : add quadspi
2026-06-24 11:22:37,268 [INFO] IPUIPlugin:64 - create IPUIPlugin
2026-06-24 11:22:37,268 [INFO] PluginManager:200 - loadIPPluginJar : add resmgrutility
2026-06-24 11:22:37,275 [INFO] IPUIPlugin:64 - create IPUIPlugin
2026-06-24 11:22:37,276 [INFO] PluginManager:200 - loadIPPluginJar : add sai
2026-06-24 11:22:37,279 [INFO] IPUIPlugin:64 - create IPUIPlugin
2026-06-24 11:22:37,280 [INFO] PluginManager:200 - loadIPPluginJar : add spi
2026-06-24 11:22:37,299 [INFO] IPUIPlugin:64 - create IPUIPlugin
2026-06-24 11:22:37,299 [INFO] PluginManager:200 - loadIPPluginJar : add stm32_wpan
2026-06-24 11:22:37,302 [INFO] IPUIPlugin:64 - create IPUIPlugin
2026-06-24 11:22:37,303 [INFO] PluginManager:200 - loadIPPluginJar : add tim
2026-06-24 11:22:37,309 [INFO] IPUIPlugin:64 - create IPUIPlugin
2026-06-24 11:22:37,310 [INFO] PluginManager:200 - loadIPPluginJar : add touchsensing
2026-06-24 11:22:37,313 [INFO] IPUIPlugin:64 - create IPUIPlugin
2026-06-24 11:22:37,314 [INFO] PluginManager:200 - loadIPPluginJar : add tracer_emb
2026-06-24 11:22:37,317 [INFO] IPUIPlugin:64 - create IPUIPlugin
2026-06-24 11:22:37,318 [INFO] PluginManager:200 - loadIPPluginJar : add ts
2026-06-24 11:22:37,321 [INFO] IPUIPlugin:64 - create IPUIPlugin
2026-06-24 11:22:37,322 [INFO] PluginManager:200 - loadIPPluginJar : add tsc
2026-06-24 11:22:37,325 [INFO] IPUIPlugin:64 - create IPUIPlugin
2026-06-24 11:22:37,325 [INFO] PluginManager:200 - loadIPPluginJar : add ucpd
2026-06-24 11:22:37,328 [INFO] IPUIPlugin:64 - create IPUIPlugin
2026-06-24 11:22:37,329 [INFO] PluginManager:200 - loadIPPluginJar : add usart
2026-06-24 11:22:38,732 [INFO] CubeProgrammer:457 - [DDR PANEL] - PathOfProgrammer: null
2026-06-24 11:22:39,745 [FATAL] Updater:282 - Updater called before beeing initialized
2026-06-24 11:22:40,004 [FATAL] Updater:282 - Updater called before beeing initialized
2026-06-24 11:22:40,005 [WARN] ThirdParty:775 - waiting for thirdparty lock release [close project]
2026-06-24 11:22:40,005 [INFO] ThirdParty:777 - entering critical section [close project]
2026-06-24 11:22:40,007 [INFO] ThirdParty:790 - exiting critical section [close project]
2026-06-24 11:22:40,010 [INFO] PinOutPanel:1418 - setPackage(No Configuration,No Configuration)
2026-06-24 11:22:40,011 [FATAL] Updater:282 - Updater called before beeing initialized
2026-06-24 11:22:40,020 [ERROR] Updater:967 - MainUpdater not yet initialized. External WinMGr cannot be set.
2026-06-24 11:22:40,022 [INFO] CubeProgrammer:457 - [DDR PANEL] - PathOfProgrammer: E:\Programs\STM\STM32CubeIDE_1.4.0\STM32CubeIDE\plugins\com.st.stm32cube.ide.mcu.externaltools.cubeprogrammer.win32_1.4.0.202007081208\tools\bin
2026-06-24 11:22:40,046 [INFO] ProgrammerExecThread:148 - [ProgrammerAPI] CubeProgrammer command construction: E:\Programs\STM\STM32CubeIDE_1.4.0\STM32CubeIDE\plugins\com.st.stm32cube.ide.mcu.externaltools.cubeprogrammer.win32_1.4.0.202007081208\tools\bin\STM32_Programmer_CLI.exe -l
2026-06-24 11:22:40,256 [INFO] MainDdrPanel:49 - [DDR PANEL] SETTER - Set cubeProgrammerPath to: E:\Programs\STM\STM32CubeIDE_1.4.0\STM32CubeIDE\plugins\com.st.stm32cube.ide.mcu.externaltools.cubeprogrammer.win32_1.4.0.202007081208\tools\bin
2026-06-24 11:22:40,286 [INFO] Updater:904 - Updater Version found : 6.0.0
2026-06-24 11:22:40,311 [INFO] ApplicationProperties:181 - Using Application install path: E:\Programs\STM\STM32CubeIDE_1.4.0\STM32CubeIDE\plugins\com.st.stm32cube.common.mx_6.0.0.202007160824
2026-06-24 11:22:41,193 [INFO] MainUpdater:2268 - connection check result : 10
2026-06-24 11:22:41,195 [INFO] MainUpdater:239 - Updater Check For Update Now.
2026-06-24 11:22:41,195 [INFO] MicroXplorer:414 - Change Database Version : DB.6.0.0
2026-06-24 11:22:41,331 [INFO] CheckServerUpdateThread:102 - End of CheckServer Thread
2026-06-24 11:22:41,411 [INFO] MainUpdater:2268 - connection check result : 10
2026-06-24 11:22:41,461 [INFO] MainUpdater:2268 - connection check result : 10
2026-06-24 11:22:41,650 [INFO] McuFinderGlobals:40 - Set McuFinder mode to 2 (CubeIDE integrated)
2026-06-24 11:22:42,011 [INFO] CrossSelectorPresenter:1330 - Cross Selector saved comparison directory: C:\Users\Michal\.stmcufinder\plugins\mcufinder\mcu\cs_comparisons_mx
2026-06-24 11:22:42,021 [INFO] MultiScanPanel:193 - Auto-refresh data requested => check proxy status ongoing
2026-06-24 11:22:42,025 [INFO] FinderPluginLoader:87 - Searching for filters in installed packs
2026-06-24 11:22:42,028 [INFO] DbMcusXml:100 - Load MCU database from E:\Programs\STM\STM32CubeIDE_1.4.0\STM32CubeIDE\plugins\com.st.stm32cube.common.mx_6.0.0.202007160824\\db\/mcu/families.xml
2026-06-24 11:22:42,404 [WARN] IntegrityCheckThread:61 - waiting for thirdparty lock release [integrity check]
2026-06-24 11:22:42,404 [INFO] IntegrityCheckThread:63 - entering critical section [integrity check]
2026-06-24 11:22:42,520 [INFO] ThirdPartyDb:299 - Save Third Party DataBase File (C:/Users/Michal/.stm32cubemx/plugins/thirdparty/db/thirdparties_db.xml) [forced]
2026-06-24 11:22:42,580 [WARN] XmlIntegratedPack:130 - No IP in current MCU
2026-06-24 11:22:42,580 [WARN] XmlIntegratedPack:130 - No IP in current MCU
2026-06-24 11:22:42,581 [WARN] XmlIntegratedPack:130 - No IP in current MCU
2026-06-24 11:22:42,581 [WARN] XmlIntegratedPack:130 - No IP in current MCU
2026-06-24 11:22:42,581 [WARN] XmlIntegratedPack:130 - No IP in current MCU
2026-06-24 11:22:42,581 [WARN] XmlIntegratedPack:130 - No IP in current MCU
2026-06-24 11:22:42,581 [WARN] XmlIntegratedPack:130 - No IP in current MCU
2026-06-24 11:22:42,581 [WARN] XmlIntegratedPack:130 - No IP in current MCU
2026-06-24 11:22:42,581 [WARN] XmlIntegratedPack:130 - No IP in current MCU
2026-06-24 11:22:42,582 [WARN] XmlIntegratedPack:130 - No IP in current MCU
2026-06-24 11:22:42,582 [WARN] XmlIntegratedPack:130 - No IP in current MCU
2026-06-24 11:22:42,582 [WARN] XmlIntegratedPack:130 - No IP in current MCU
2026-06-24 11:22:42,582 [WARN] XmlIntegratedPack:130 - No IP in current MCU
2026-06-24 11:22:42,582 [INFO] ThirdPartyDb:299 - Save Third Party DataBase File (C:/Users/Michal/.stm32cubemx/plugins/thirdparty/db/thirdparties_db.xml) [forced]
2026-06-24 11:22:42,589 [INFO] ThirdPartyPackRequestProcessor:667 - CMSIS Pack Vendor :STMicroelectronics USB_HOST 2.0.0
2026-06-24 11:22:42,590 [INFO] ThirdPartyPackRequestProcessor:667 - CMSIS Pack Vendor :emotas I-CUBE-CANOPEN 1.1.3
2026-06-24 11:22:42,590 [INFO] ThirdPartyPackRequestProcessor:667 - CMSIS Pack Vendor :STMicroelectronics FreeRTOS 0.0.1
2026-06-24 11:22:42,590 [INFO] ThirdPartyPackRequestProcessor:667 - CMSIS Pack Vendor :STMicroelectronics USB_DEVICE 1.0.0
2026-06-24 11:22:42,590 [INFO] ThirdPartyPackRequestProcessor:667 - CMSIS Pack Vendor :STMicroelectronics USB_DEVICE 3.0.0
2026-06-24 11:22:42,590 [INFO] ThirdPartyPackRequestProcessor:667 - CMSIS Pack Vendor :STMicroelectronics MBEDTLS 2.16.2
2026-06-24 11:22:42,590 [INFO] ThirdPartyPackRequestProcessor:667 - CMSIS Pack Vendor :STMicroelectronics lwIP 2.0.3
2026-06-24 11:22:42,590 [INFO] ThirdPartyPackRequestProcessor:667 - CMSIS Pack Vendor :STMicroelectronics lwIP 2.1.2
2026-06-24 11:22:42,590 [INFO] ThirdPartyPackRequestProcessor:667 - CMSIS Pack Vendor :STMicroelectronics MBEDTLS 2.14.1
2026-06-24 11:22:42,590 [INFO] ThirdPartyPackRequestProcessor:667 - CMSIS Pack Vendor :STMicroelectronics USB_HOST 1.0.0
2026-06-24 11:22:42,590 [INFO] ThirdPartyPackRequestProcessor:667 - CMSIS Pack Vendor :STMicroelectronics PDM2PCM 3.1.0
2026-06-24 11:22:42,591 [INFO] ThirdPartyPackRequestProcessor:667 - CMSIS Pack Vendor :STMicroelectronics PDM2PCM 3.2.0
2026-06-24 11:22:42,591 [INFO] ThirdPartyPackRequestProcessor:667 - CMSIS Pack Vendor :STMicroelectronics USB_DEVICE 2.0.0
2026-06-24 11:22:42,591 [INFO] ThirdPartyPackRequestProcessor:667 - CMSIS Pack Vendor :STMicroelectronics PDM2PCM 3.3.0
2026-06-24 11:22:42,591 [INFO] ThirdPartyDb:299 - Save Third Party DataBase File (C:/Users/Michal/.stm32cubemx/plugins/thirdparty/db/thirdparties_db.xml) [forced]
2026-06-24 11:22:42,603 [INFO] ThirdPartyDb:299 - Save Third Party DataBase File (C:/Users/Michal/.stm32cubemx/plugins/thirdparty/db/thirdparties_db.xml) [forced]
2026-06-24 11:22:42,612 [ERROR] ThirdParty:823 - Integrity check failed: pack='C:\Users\Michal\STM32Cube\Repository\Packs\emotas\I-CUBE-CANOPEN\1.3.0\emotas.I-CUBE-CANOPEN.pdsc' / reason: PDSC version is not supported
2026-06-24 11:22:42,617 [INFO] ThirdPartyDb:299 - Save Third Party DataBase File (C:/Users/Michal/.stm32cubemx/plugins/thirdparty/db/thirdparties_db.xml) [forced]
2026-06-24 11:22:42,755 [INFO] ThirdPartyDb:299 - Save Third Party DataBase File (C:/Users/Michal/.stm32cubemx/plugins/thirdparty/db/thirdparties_db.xml) [forced]
2026-06-24 11:22:42,762 [INFO] IntegrityCheckThread:76 - exiting critical section [integrity check]
2026-06-24 11:22:42,763 [INFO] IntegrityCheckThread:79 - End integrity checks thread
2026-06-24 11:22:43,476 [INFO] DbMcusJson:92 - JSON generation date=Thu Jul 02 17:47:47 CEST 2020 (1593704867)
2026-06-24 11:22:44,479 [INFO] DbMcus:175 - Found 1761 MCUs (1722 are supported by CubeMX, 1728 are visible in CubeMX)
2026-06-24 11:22:44,480 [INFO] ApiDb:201 - Load user favorites file C:\Users\Michal/.stm32cubeide/favorites.mcus.txt: 0 item(s)
2026-06-24 11:22:44,481 [INFO] ApiDb:205 - User favorites MCUs=[]
2026-06-24 11:22:44,481 [INFO] DbMcus:187 - Set 0 / 0 favorites MCUs
2026-06-24 11:22:45,067 [INFO] LoadUrlFilesThread:162 - End of LoadServerUrlFiles without Thread
2026-06-24 11:22:45,124 [INFO] DetailPanel:331 - Set advertising image to C:/Users/Michal/STM32Cube/Repository/\stm32cubemx-promo_image.jpg
2026-06-24 11:22:45,698 [INFO] McuFilterPanel:245 - Update 0 favorites MCUs
2026-06-24 11:22:45,816 [INFO] DbBoardsPdsc:94 - Found 23 items
2026-06-24 11:22:45,823 [INFO] DbBoardsPdsc:94 - Found 9 items
2026-06-24 11:22:45,828 [INFO] DbBoardsPdsc:94 - Found 29 items
2026-06-24 11:22:45,831 [INFO] DbBoardsPdsc:94 - Found 1 items
2026-06-24 11:22:45,844 [INFO] DbBoardsPdsc:94 - Found 44 items
2026-06-24 11:22:45,860 [INFO] DbBoardsPdsc:94 - Found 40 items
2026-06-24 11:22:45,862 [INFO] DbBoardsPdsc:94 - Found 2 items
2026-06-24 11:22:45,873 [INFO] DbBoardsPdsc:94 - Found 4 items
2026-06-24 11:22:45,890 [WARN] DbBoardsPdsc:258 - Board STM32H7B3I-DK: unknown feature type=Audio, name=, username=Audio stereo codec with Headphone Amp (CS42L51-CNZ), n=1
2026-06-24 11:22:45,891 [WARN] DbBoardsPdsc:258 - Board STM32H735G-DK: unknown feature type=Audio, name=, username=Audio stereo codec with Headphone Amp (WM8994ECS/R), n=1
2026-06-24 11:22:45,895 [WARN] DbBoardsPdsc:258 - Board STM32H7B3I-EVAL: unknown feature type=Audio, name=, username=Multi-Channel Audio Codec (CS42L51-CNZ), n=1
2026-06-24 11:22:45,895 [WARN] DbBoardsPdsc:258 - Board STM32H7B3I-EVAL: unknown feature type=Meter, name=, username=Power-metering and Temperature-monitoring with sigma-delta modulators, n=1
2026-06-24 11:22:45,895 [WARN] DbBoardsPdsc:258 - Board STM32H7B3I-EVAL: unknown feature type=Motor, name=, username=Motor Control, n=1
2026-06-24 11:22:46,026 [INFO] DbBoardsJson:85 - JSON generation date=Thu Jul 02 15:35:57 CEST 2020 (1593696957)
2026-06-24 11:22:46,040 [INFO] DbBoards:117 - Found 152 boards (149 are supported by CubeMX)
2026-06-24 11:22:46,057 [INFO] DbBoardsDocs:145 - JSON generation date=Thu Jul 02 17:47:47 CEST 2020 (1593704867)
2026-06-24 11:22:46,094 [INFO] DbBoardsDocs:81 - Found 185 boards documents
2026-06-24 11:22:46,094 [WARN] DbBoards:149 - board B-G474E-DPOW1 / document id not found: 4624
2026-06-24 11:22:46,095 [WARN] DbBoards:149 - board B-G474E-DPOW1 / document id not found: 4625
2026-06-24 11:22:46,095 [WARN] DbBoards:127 - board B-L462E-CELL1 has no document id list !
2026-06-24 11:22:46,095 [WARN] DbBoards:127 - board B-L475E-IOT01A2 has no document id list !
2026-06-24 11:22:46,096 [WARN] DbBoards:127 - board NUCLEO-G491RE has no document id list !
2026-06-24 11:22:46,097 [WARN] DbBoards:127 - board NUCLEO-H723ZG has no document id list !
2026-06-24 11:22:46,097 [WARN] DbBoards:127 - board NUCLEO-H743ZI2 has no document id list !
2026-06-24 11:22:46,098 [WARN] DbBoards:127 - board NUCLEO-WB55RG has no document id list !
2026-06-24 11:22:46,099 [WARN] DbBoards:127 - board P-NUCLEO-WB55-Nucleo has no document id list !
2026-06-24 11:22:46,099 [WARN] DbBoards:127 - board P-NUCLEO-WB55-USBDongle has no document id list !
2026-06-24 11:22:46,099 [WARN] DbBoards:127 - board STEVAL-BFA001V1B has no document id list !
2026-06-24 11:22:46,100 [WARN] DbBoards:127 - board STEVAL-BFA001V2B has no document id list !
2026-06-24 11:22:46,100 [WARN] DbBoards:127 - board STEVAL-IDP005V1 has no document id list !
2026-06-24 11:22:46,100 [WARN] DbBoards:127 - board STEVAL-IDP005V2 has no document id list !
2026-06-24 11:22:46,100 [WARN] DbBoards:127 - board STEVAL-MKSBOX1V1 has no document id list !
2026-06-24 11:22:46,100 [WARN] DbBoards:127 - board STEVAL-STWINKT1 has no document id list !
2026-06-24 11:22:46,101 [WARN] DbBoards:127 - board STM32F401C-DISCO has no document id list !
2026-06-24 11:22:46,102 [WARN] DbBoards:127 - board STM32F769I-DISC1 has no document id list !
2026-06-24 11:22:46,102 [WARN] DbBoards:127 - board STM32G474E-EVAL1 has no document id list !
2026-06-24 11:22:46,102 [WARN] DbBoards:127 - board STM32H735G-DK has no document id list !
2026-06-24 11:22:46,121 [WARN] DbBoards:127 - board STM32H743I-EVAL2 has no document id list !
2026-06-24 11:22:46,121 [WARN] DbBoards:127 - board STM32H747I-DISC1 has no document id list !
2026-06-24 11:22:46,121 [WARN] DbBoards:127 - board STM32H753I-EVAL2 has no document id list !
2026-06-24 11:22:46,122 [WARN] DbBoards:127 - board STM32L-DISCOVERY has no document id list !
2026-06-24 11:22:46,122 [WARN] DbBoards:127 - board STM32MP157A-DK1 has no document id list !
2026-06-24 11:22:46,123 [WARN] DbBoards:127 - board STM32MP157F-EV1 has no document id list !
2026-06-24 11:22:46,404 [ERROR] DbBoards:192 - No image file URL for board B-L462E-CELL1
2026-06-24 11:22:48,098 [INFO] ApiDb:201 - Load user favorites file C:\Users\Michal/.stm32cubeide/favorites.boards.txt: 0 item(s)
2026-06-24 11:22:48,098 [INFO] ApiDb:205 - User favorites Boards=[]
2026-06-24 11:22:48,098 [INFO] DbBoards:206 - Set 0 / 0 favorites Boards
2026-06-24 11:22:48,523 [INFO] McuFinderGlobals:40 - Set McuFinder mode to 2 (CubeIDE integrated)
2026-06-24 11:22:48,577 [INFO] CrossSelectorPresenter:1330 - Cross Selector saved comparison directory: C:\Users\Michal\.stmcufinder\plugins\mcufinder\mcu\cs_comparisons_mx
2026-06-24 11:22:48,582 [INFO] MultiScanPanel:193 - Auto-refresh data requested => check proxy status ongoing
2026-06-24 11:22:48,583 [INFO] FinderPluginLoader:87 - Searching for filters in installed packs
2026-06-24 11:22:48,920 [INFO] LoadUrlFilesThread:162 - End of LoadServerUrlFiles without Thread
2026-06-24 11:22:48,921 [INFO] DetailPanel:331 - Set advertising image to C:/Users/Michal/STM32Cube/Repository/\stm32cubemx-promo_image.jpg
2026-06-24 11:22:49,181 [INFO] McuFilterPanel:245 - Update 0 favorites MCUs
2026-06-24 11:25:30,274 [INFO] ApiDb:226 - Save user favorites file C:\Users\Michal/.stm32cubeide/favorites.mcus.txt: 0 item(s)
2026-06-24 11:25:30,275 [INFO] ApiDb:230 - User favorites MCUs=[]
2026-06-24 11:25:32,183 [INFO] ApiDb:226 - Save user favorites file C:\Users\Michal/.stm32cubeide/favorites.mcus.txt: 0 item(s)
2026-06-24 11:25:32,184 [INFO] ApiDb:230 - User favorites MCUs=[]
